x,y,z,cluster
0.269278984,0.132878552,-0.165158906,#d62728
-0.022003395,0.105775019,-0.123697526,#d62728
-0.341198028,-0.112421547,-0.283814583,#d62728
-0.285910745,0.060980418,-0.027926357,#d62728
-0.54386203,-0.294350851,0.252368663,#d62728
0.372195582,0.432615961,-0.010584718,#d62728
-0.402999376,-0.096126369,0.14528921,#d62728
-0.29578041,-0.040817886,0.166735269,#d62728
-0.387935704,-0.245870119,0.223756222,#d62728
-0.090841574,-0.090490095,-0.294923983,#d62728
0.624992641,-0.406533784,-0.000911732,#1f77b4
-0.392880942,-0.101078894,0.071752477,#d62728
-0.080998515,0.090055556,0.046528454,#d62728
-0.152560919,0.022683603,-0.014058348,#d62728
0.064493167,0.178597594,-0.042124838,#d62728
0.25148344,0.399859987,-0.058448791,#d62728
-0.045880027,0.22282096,0.019299454,#d62728
-0.257819214,-0.125701164,0.111800533,#d62728
0.102205064,0.134894908,-0.073855773,#d62728
-0.056909231,0.214428628,-0.0286083,#d62728
-0.165404526,0.038599271,-0.191950676,#d62728
0.674286074,-0.324262756,0.008371795,#1f77b4
-0.310010499,-0.201034286,-0.233790544,#d62728
-0.446365775,-0.232200561,0.361718646,#d62728
-0.092973,-0.064750134,-0.214408811,#d62728
0.753590512,-0.119828866,0.121137038,#1f77b4
0.048009688,0.106214098,-0.183599051,#d62728
-0.262921334,-0.218266412,0.052079049,#d62728
0.68565639,-0.322809254,-0.040766889,#1f77b4
-0.051388731,0.101916441,-0.24768465,#d62728
-0.44673407,-0.243618619,-0.024966165,#d62728
-0.085552988,-0.061096615,-0.161032954,#d62728
-0.209166311,-0.001366812,0.048639669,#d62728
-0.664100646,-0.404246688,0.118756269,#d62728
-0.289366272,-0.222107826,0.245060344,#d62728
-0.194931631,-0.104262581,-0.05833183,#d62728
-0.403030515,-0.148683764,0.098184319,#d62728
0.678384885,-0.29666151,0.053103631,#1f77b4
0.111665287,0.068705099,-0.235377256,#d62728
-0.272605904,-0.159031676,-0.26302018,#d62728
0.60497835,-0.459290356,-0.054280312,#1f77b4
-0.30728977,-0.059769905,0.144630127,#d62728
-0.345254038,-0.175748383,0.145441867,#d62728
-0.245753136,-0.089723248,0.119726715,#d62728
0.034240273,0.236542445,-0.196306882,#d62728
-0.072921698,0.197665683,0.158701422,#d62728
-0.072890379,-0.018329571,-0.342719099,#d62728
-0.251207302,-0.035611325,-0.019517429,#d62728
-0.278188894,-0.140998045,-0.074206011,#d62728
0.233008945,0.05952174,0.055733402,#d62728
0.142511916,0.508910543,-0.133528816,#d62728
0.751964455,-0.11063844,0.172533789,#1f77b4
0.048887246,0.179118007,0.108777819,#d62728
0.183987754,0.461011932,-0.11272143,#d62728
0.899696889,0.124794453,0.214834441,#1f77b4
-0.206120975,-0.093292234,-0.17857007,#d62728
-0.358816068,-0.151752772,-0.151911086,#d62728
-0.009848428,0.261657475,0.414810435,#d62728
0.679625746,-0.285944778,0.063921517,#1f77b4
-0.097545437,0.152658315,0.307232318,#d62728
0.146133801,0.095755922,-0.025819774,#d62728
0.056359049,0.088256865,-0.207217909,#d62728
-0.04578722,0.202614743,0.268855235,#d62728
-0.58684375,-0.245980569,0.105390764,#d62728
0.086487281,0.240626881,0.265269309,#d62728
-0.422359071,-0.080614557,-0.042744472,#d62728
-0.246296684,-0.090087378,-0.288799003,#d62728
-0.030425503,0.138426422,-0.186815203,#d62728
-0.212252328,-0.071902006,-0.179629538,#d62728
-0.303819838,-0.434204692,0.141410039,#d62728
0.122879567,0.310724781,-0.054369724,#d62728
-0.361974323,-0.156214481,-0.062641984,#d62728
0.638153547,-0.30651716,0.078147027,#1f77b4
-0.558542161,-0.177247714,0.141372499,#d62728
-0.420427846,-0.209532887,0.233272725,#d62728
-0.150274944,-0.156203708,-0.254140082,#d62728
-0.330944561,0.147075349,0.152320592,#d62728
-0.44661864,-0.348976319,0.046307578,#d62728
-0.006143325,0.193322649,0.03039913,#d62728
-0.626011026,-0.412269547,0.243404478,#d62728
-0.256137066,-0.006264536,0.163822552,#d62728
0.237496609,0.474982063,-0.114758489,#d62728
-0.035640609,0.290400796,0.018826466,#d62728
-0.016156034,-0.037948063,-0.136870037,#d62728
-0.37069853,-0.224836591,0.079893859,#d62728
-0.251293934,-0.058589287,-0.005340113,#d62728
0.040855244,0.128548638,-0.252870021,#d62728
-0.016246306,0.253981824,-0.07577541,#d62728
-0.226773855,-0.118196267,-0.283689063,#d62728
0.757904069,-0.120201009,0.114301644,#1f77b4
0.053503809,0.320601291,0.156109658,#d62728
-0.353068429,-0.220948851,0.048507289,#d62728
0.126691389,0.453445003,0.287611352,#d62728
0.306705883,0.404099226,-0.038605498,#d62728
0.116320412,0.065839289,-0.309819398,#d62728
-0.143942696,-0.243435648,-0.109204447,#d62728
0.049001889,0.402703361,0.514944127,#d62728
-0.295374878,-0.142825786,0.10412898,#d62728
-0.398201545,-0.116379924,-0.099980361,#d62728
-0.272315089,0.111036579,0.339711032,#d62728
-0.198285719,0.032560401,-0.035091969,#d62728
0.129618308,0.400619321,0.279362005,#d62728
0.693157635,-0.228389471,0.107250856,#1f77b4
0.084113864,0.18505173,-0.16913589,#d62728
-0.233285403,0.196551376,0.083617914,#d62728
-0.031619429,-0.104609161,-0.243298835,#d62728
-0.439956725,-0.244531701,0.177625112,#d62728
0.124248441,0.576409908,0.160700165,#d62728
-0.193066494,0.309854812,0.21288002,#d62728
0.028894309,0.442935778,0.42094998,#d62728
0.622816926,-0.25054251,0.215233546,#1f77b4
-0.16362579,0.111556898,-0.195707891,#d62728
-0.381269804,-0.270441397,-0.021877941,#d62728
-0.093509447,-0.051886673,-0.22384921,#d62728
0.059573435,0.087813927,0.009212818,#d62728
-0.271311325,-0.081829654,0.397127302,#d62728
-0.11818411,0.019572105,-0.205634844,#d62728
0.61544654,-0.414113045,0.009110385,#1f77b4
-0.524739594,-0.1877475,0.017965706,#d62728
0.147050255,0.530210764,-0.037391989,#d62728
0.101265694,0.099271283,-0.277490544,#d62728
0.6065101,-0.391005968,0.039639007,#1f77b4
-0.145866447,-0.098108483,-0.227474295,#d62728
-0.128371458,-0.084942843,0.135947851,#d62728
-0.293400126,-0.07410847,-0.179474966,#d62728
-0.142675265,0.119961141,-0.106504658,#d62728
0.369825977,0.308779692,0.450121201,#1f77b4
-0.219609951,0.092034719,0.084969851,#d62728
-0.576346601,-0.018619454,0.554202432,#d62728
0.080298331,0.408429913,0.34056,#d62728
-0.190158462,0.126990486,0.052497302,#d62728
0.035448539,0.507247461,-0.080995181,#d62728
-0.542178293,-0.263795202,0.46958006,#d62728
0.699423549,-0.272967033,0.015384778,#1f77b4
-0.373369622,-0.21657054,-0.155180819,#d62728
0.027759515,0.103973491,-0.236521717,#d62728
0.169029256,0.243970846,-0.104778134,#d62728
-0.163148395,0.144591968,-0.107938792,#d62728
-0.120359434,-0.188745303,-0.10670119,#d62728
-0.490003061,-0.221927649,0.065512418,#d62728
-0.364396694,-0.18650827,0.044232749,#d62728
-0.541817009,-0.293462343,0.031036684,#d62728
-0.155968549,0.082618199,0.144201942,#d62728
-0.118803368,-0.085285868,-0.189642461,#d62728
0.757303623,-0.155181066,0.078493347,#1f77b4
-0.225378354,0.001572439,-0.294660164,#d62728
0.745150336,-0.20141894,0.103757641,#1f77b4
0.036658434,0.371771853,-0.060516058,#d62728
-0.083890746,0.161377711,-0.18778453,#d62728
0.243149607,0.351420755,-0.058245643,#d62728
0.09502498,0.609545999,0.199751879,#d62728
-0.1978457,0.045201056,-0.156182446,#d62728
-0.320848757,0.268879282,0.34725958,#d62728
-0.209036074,-0.079923243,0.033640532,#d62728
-0.000782155,0.010905555,-0.21253862,#d62728
0.015780316,0.072853657,-0.283971027,#d62728
-0.116811288,0.212873565,0.278136376,#d62728
-0.274001073,0.026855462,0.144819029,#d62728
-0.016494712,0.054379948,-0.301146729,#d62728
0.155361349,0.340343883,0.037926302,#d62728
-0.661368537,-0.217177584,0.56627929,#d62728
0.059239235,0.158344101,-0.227797832,#d62728
-0.350712673,-0.032477491,-0.023587103,#d62728
0.692838237,-0.212594797,0.178233304,#1f77b4
-0.317379791,0.193271667,0.26768644,#d62728
0.86331659,0.001755856,0.122860493,#1f77b4
-0.12093834,0.06118286,-0.173901077,#d62728
0.074841755,0.258185926,-0.148281636,#d62728
-0.383243195,-0.212256278,0.350052332,#d62728
-0.125424932,0.074703626,-0.072078421,#d62728
-0.203796628,0.152076586,0.132607018,#d62728
-0.199044721,-0.029234329,-0.175115123,#d62728
-0.032966228,-0.357371945,0.246245718,#d62728
-0.031252433,0.156472119,-0.140149221,#d62728
0.692124741,-0.235056338,0.084976594,#1f77b4
-0.1976864,-0.028965262,0.142413025,#d62728
-0.285700442,-0.240568863,-0.067815557,#d62728
-0.110694171,0.265957255,-0.000655348,#d62728
-0.368632782,-0.055051655,0.495315194,#d62728
-0.263421119,0.075751501,0.0273072,#d62728
-0.294736832,-0.0018571,-0.090107083,#d62728
-0.044431943,0.12442076,-0.277961219,#d62728
-0.025770639,0.067782808,-0.194223059,#d62728
-0.195503382,0.029598511,-0.047273277,#d62728
-0.337028192,-0.117946658,0.376265862,#d62728
-0.15590678,0.167070521,0.110933326,#d62728
-0.1556587,-0.141281817,-0.240929046,#d62728
-0.23733675,-0.158602659,0.105914816,#d62728
-0.095702481,-0.042168779,-0.234554862,#d62728
-0.538119425,-0.259716547,0.265856263,#d62728
0.167882176,0.436736063,0.225431236,#d62728
0.150888032,0.341277618,-0.110127397,#d62728
-0.137073595,-0.02476203,-0.215945692,#d62728
-0.203541831,-0.054950824,-0.116299899,#d62728
0.192040353,0.08838663,-0.228006193,#d62728
-0.103589015,0.114663522,-0.196146266,#d62728
-0.095022069,-0.082391894,-0.117125991,#d62728
-0.25010679,0.04815999,-0.07532753,#d62728
-0.127270027,0.138493272,-0.218452356,#d62728
-0.08016335,0.058146315,-0.306278151,#d62728
0.075485329,0.246442179,-0.284018501,#d62728
0.751174372,-0.173372882,0.06404679,#1f77b4
-0.115139403,0.169424636,-0.203701436,#d62728
-0.44086067,-0.311073538,0.136117901,#d62728
0.528629999,-0.534226983,0.012607957,#1f77b4
0.62885784,-0.415652833,-0.050546987,#1f77b4
-0.385723082,-0.311662143,-0.072276628,#d62728
0.737737729,-0.166295044,0.115002683,#1f77b4
0.705440058,-0.260425657,0.038639133,#1f77b4
-0.16294931,-0.004771659,-0.168841692,#d62728
-0.311983419,-0.014263348,0.330417301,#d62728
-0.405575048,-0.208623971,-0.196224139,#d62728
-0.24232951,0.106604861,-0.104603998,#d62728
0.598138624,0.292590029,0.184113524,#1f77b4
-0.282666576,-0.071353783,0.100203519,#d62728
0.236666191,0.213473844,-0.152282477,#d62728
-0.086960983,-0.005590838,-0.209220236,#d62728
-0.259684667,-0.053754213,-0.185248948,#d62728
0.22426321,0.303703941,0.029695165,#d62728
-0.243213003,0.170163402,0.291918161,#d62728
0.134682817,0.536168856,0.120248352,#d62728
-0.17245726,0.030613555,-0.236357209,#d62728
-0.023922327,0.063925396,-0.098996985,#d62728
-0.217824331,-0.126035075,0.228768179,#d62728
-0.272217588,-0.096295207,0.399169156,#d62728
-0.111664154,0.025531138,-0.253402319,#d62728
-0.356450496,-0.122779017,0.14685791,#d62728
-0.111048359,-0.002076235,-0.018550726,#d62728
-0.013035772,-0.0233675,-0.387681205,#d62728
-0.042654975,0.041646678,-0.238583417,#d62728
-0.581272282,-0.289639311,0.221068866,#d62728
-0.264519602,-0.163811206,-0.223063764,#d62728
-0.024390689,0.077543974,-0.250341068,#d62728
-0.378531477,-0.169797868,-0.179278486,#d62728
0.369795725,0.073366477,-0.084885984,#1f77b4
-0.098531029,0.088975951,0.094836522,#d62728
0.758390321,-0.197947029,0.056709008,#1f77b4
-0.104946719,-0.061873116,-0.205675801,#d62728
-0.407317869,0.013097776,0.138990067,#d62728
-0.293566149,-0.006239459,-0.151311934,#d62728
-0.404785301,-0.234186899,-0.102163102,#d62728
-0.059710647,0.093458979,-0.040829819,#d62728
-0.462402045,-0.061123176,0.065319876,#d62728
0.017887759,0.123263992,-0.151384728,#d62728
0.100174808,0.251692245,-0.058431279,#d62728
0.110414259,0.48742693,0.386142322,#d62728
-0.001115025,0.310390467,-0.066478141,#d62728
-0.162993647,-0.068315803,-0.187159579,#d62728
-0.331927289,0.17187047,0.264508916,#d62728
0.063246515,-0.042318789,-0.322749263,#d62728
0.012218745,0.256580142,-0.091462032,#d62728
-0.16268581,-0.187288903,0.27219668,#d62728
-0.435935938,-0.009873504,0.226624021,#d62728
0.874280659,0.086256631,0.19114146,#1f77b4
0.736530763,-0.133502456,0.123904145,#1f77b4
0.072112668,0.398202829,-0.017206213,#d62728
-0.0371584,0.466184604,0.099833376,#d62728
-0.10601802,0.280607122,0.109019415,#d62728
-0.266764632,-0.107789839,-0.267959843,#d62728
-0.49277989,-0.201583284,0.187103027,#d62728
0.244029983,0.521255517,0.293977059,#d62728
-0.316899363,0.232347311,0.331992789,#d62728
-0.327356357,-0.226584961,0.078795568,#d62728
-0.104074248,0.065550553,-0.293945532,#d62728
0.772368981,-0.096213943,0.1535164,#1f77b4
0.019734546,0.171448741,-0.015524916,#d62728
-0.482223241,-0.326895679,0.058052482,#d62728
0.055477307,0.317570811,-0.108773017,#d62728
-0.160374759,0.071126304,0.127390623,#d62728
-0.115353682,-0.005203904,-0.209406563,#d62728
0.821212189,0.073364404,0.274614582,#1f77b4
0.845654215,-0.020234295,0.120725895,#1f77b4
-0.113060574,0.109317235,-0.048982585,#d62728
-0.209804063,0.282632321,0.105307226,#d62728
-0.050484005,0.060715142,-0.175025295,#d62728
-0.118146037,-0.109785999,-0.217484731,#d62728
0.068746001,-0.031206211,-0.182428528,#d62728
-0.103945492,-0.114774007,-0.02087285,#d62728
0.616994815,-0.457204551,-0.064124659,#1f77b4
-0.137853415,-0.104898849,-0.093791438,#d62728
-0.238284986,-0.096216694,-0.231007121,#d62728
0.238167113,0.156108327,0.035749926,#d62728
0.013530576,0.090439625,-0.30486766,#d62728
-0.177755806,-0.057721489,-0.119572839,#d62728
-0.174787996,0.048472014,-0.167923009,#d62728
-0.022661307,0.452397272,0.070969785,#d62728
0.168211315,0.282029728,-0.125668754,#d62728
0.031948012,0.175789138,-0.08600464,#d62728
0.057762508,0.222569877,0.325326022,#d62728
-0.207849179,-0.164446321,-0.231281131,#d62728
-0.110952506,-0.009084115,-0.176161864,#d62728
-0.19607034,0.079779465,0.024323599,#d62728
0.602972524,-0.414136016,0.034472059,#1f77b4
0.239878654,0.235549763,0.015261461,#d62728
0.012754878,0.161307176,0.033207298,#d62728
-0.027358167,-0.071011767,0.216138991,#d62728
-0.112042671,0.055137504,-0.259964093,#d62728
-0.049360212,0.151674586,-0.024592304,#d62728
-0.362289875,-0.068675958,-0.013151628,#d62728
-0.546167061,-0.163283077,0.419849058,#d62728
-0.077245887,0.068090768,-0.098754098,#d62728
-0.315549382,-0.202000054,-0.155389201,#d62728
0.876397467,0.082934435,0.180679329,#1f77b4
-0.119410891,0.130492669,-0.177124987,#d62728
-0.216728166,-0.029224405,-0.262793786,#d62728
-0.1211444,0.042452713,-0.058046461,#d62728
0.061028022,0.207135613,-0.077479318,#d62728
0.218852746,-0.261300332,0.201377714,#1f77b4
-0.279708361,-0.132942511,-0.254338553,#d62728
-0.280902326,0.054322558,0.217221258,#d62728
-0.422283043,-0.158737288,-0.008306343,#d62728
-0.503472796,-0.3337662,-0.012402743,#d62728
0.177475039,0.097442186,-0.091503995,#d62728
-0.25456036,-0.067075622,0.217918425,#d62728
-0.703648429,-0.254358164,0.607063621,#d62728
-0.140454232,0.008051206,-0.218001976,#d62728
-0.111972469,-0.111798879,-0.290179908,#d62728
0.203402716,0.46004987,0.246244484,#d62728
0.254271436,0.292556886,-0.110575165,#d62728
0.005514189,0.107876397,-0.210047678,#d62728
-0.33074553,-0.246710625,0.161513816,#d62728
-0.130754681,-0.0616727,-0.1545618,#d62728
-0.060576831,0.043747612,-0.071181454,#d62728
0.180540421,0.251396109,-0.172057882,#d62728
-0.230233221,0.10346173,-0.103326913,#d62728
-0.105295826,0.012652031,-0.175226089,#d62728
-0.016655784,0.066576367,-0.301226149,#d62728
-0.382313257,-0.108101939,-0.028743382,#d62728
-0.179455051,-0.058570748,0.00495808,#d62728
0.177615551,0.61511508,0.478730119,#d62728
0.030483749,0.046496169,-0.0576046,#d62728
-0.061579756,0.21512197,-0.073498214,#d62728
-0.049819163,0.257201471,-0.015088546,#d62728
-0.317726009,-0.055411066,0.088594939,#d62728
0.545139727,-0.413747915,0.166699906,#1f77b4
-0.219427304,-0.136188834,-0.103172153,#d62728
0.956417813,0.202668455,0.230220785,#1f77b4
-0.268487301,0.06469299,0.115880174,#d62728
-0.189821394,-0.147832967,-0.184365756,#d62728
-0.681838949,-0.348516937,0.191838422,#d62728
-0.009675481,0.03306566,-0.260561119,#d62728
-0.00194778,0.152902535,-0.151708564,#d62728
0.104047907,0.517530158,0.105252232,#d62728
0.038333676,0.314084411,0.486303743,#d62728
0.717473368,-0.236035523,0.029193085,#1f77b4
-0.322907706,-0.018199749,-0.045343619,#d62728
0.53385571,-0.501713129,0.050549357,#1f77b4
0.7406551,-0.115940381,0.17387878,#1f77b4
0.162541525,0.060728938,-0.176118243,#d62728
-0.364467738,-0.217663397,0.011871854,#d62728
0.158470425,0.281417388,-0.214245711,#d62728
0.445474405,-0.54919048,0.145243706,#1f77b4
0.003096318,0.278303398,-0.256629189,#d62728
-0.40235222,-0.102020657,-0.001378765,#d62728
0.538678538,-0.502501798,0.056024706,#1f77b4
-0.082347314,0.145780875,-0.133453255,#d62728
0.680895374,-0.300348167,0.032899912,#1f77b4
-0.04020267,0.164611172,-0.174882172,#d62728
-0.040418806,0.351446386,-0.063067356,#d62728
-0.553574946,0.09046217,0.427795439,#d62728
-0.571423766,-0.318002215,0.067850796,#d62728
-0.265590845,0.065668888,0.222136718,#d62728
-0.101746883,0.010874728,-0.214457741,#d62728
-0.283012739,-0.136268218,0.247183571,#d62728
0.00685501,0.355330912,-0.193621469,#d62728
0.458775403,-0.557323836,0.183802714,#1f77b4
0.689079193,-0.293991857,0.057930679,#1f77b4
-0.285058789,-0.147995814,-0.127972353,#d62728
0.175578787,0.412129316,-0.102167055,#d62728
-0.072837761,-0.170062342,-0.029756627,#d62728
0.585362623,-0.457993667,-0.006462868,#1f77b4
0.711781137,-0.200074364,0.102567268,#1f77b4
0.184882109,0.263114259,-0.006376107,#d62728
0.55866562,-0.429180138,0.103165833,#1f77b4
0.509422324,-0.541810415,0.051814652,#1f77b4
-0.406793657,-0.157527765,0.155675108,#d62728
0.175948692,0.334743143,-0.175146131,#d62728
-0.141063942,-0.035943344,-0.174968697,#d62728
0.805181146,-0.019714343,0.139048477,#1f77b4
-0.073575922,0.268597737,0.264399584,#d62728
-0.182288402,-0.096051502,-0.170793302,#d62728
-0.409666433,-0.222665758,0.144210071,#d62728
-0.265975811,-0.138271422,-0.040451706,#d62728
-0.180373771,-0.050763778,-0.026617359,#d62728
-0.034480242,-0.072918414,-0.217917937,#d62728
-0.202509065,0.094973327,-0.179053822,#d62728
-0.286892474,0.048685411,0.317276023,#d62728
-0.170828111,0.253506021,0.002730708,#d62728
0.012473267,0.456088083,0.003713257,#d62728
-0.345660179,-0.231840674,-0.068273546,#d62728
-0.150482292,0.124371842,-0.094779442,#d62728
-0.049798357,-0.051409912,-0.149790675,#d62728
0.043060936,-0.00197549,-0.188250657,#d62728
-0.161835472,-0.002478844,0.156891299,#d62728
0.010661515,0.39891292,0.180979019,#d62728
-0.277181502,-0.09857644,-0.053527173,#d62728
0.662801523,-0.293793889,0.086761094,#1f77b4
-0.157081807,-0.031254709,-0.140515169,#d62728
-0.19718388,-0.083376917,-0.036423949,#d62728
-0.156288721,0.010481247,-0.236210801,#d62728
-0.338416247,-0.13505727,0.149655009,#d62728
-0.326551046,-0.141312305,-0.140938911,#d62728
-0.368918524,-0.216349503,0.256098531,#d62728
-0.366409455,0.013282997,0.062831063,#d62728
0.790404159,-0.077422029,0.10419633,#1f77b4
-0.289072573,-0.264709996,-0.005279605,#d62728
0.689175716,-0.246305556,0.06877634,#1f77b4
-0.178292859,-0.082362367,-0.311622127,#d62728
0.125212914,0.259159122,-0.067960536,#d62728
0.738808562,-0.13671422,0.157883939,#1f77b4
0.093064827,0.182694307,-0.233037995,#d62728
0.737855088,-0.159922351,0.10651064,#1f77b4
0.625420102,-0.331066165,0.098986908,#1f77b4
0.626911028,-0.354429563,0.034297718,#1f77b4
-0.13551132,-0.079243994,-0.314754328,#d62728
-0.083167537,-0.119314896,0.135735088,#d62728
-0.325493202,-0.154369815,0.0382683,#d62728
0.250615611,0.753730949,-0.037721877,#d62728
-0.510643217,-0.230095221,0.318684522,#d62728
-0.418484904,-0.17642622,0.425525867,#d62728
-0.53729842,-0.21776115,0.258080894,#d62728
-0.334167386,0.109047063,0.415852534,#d62728
0.653502354,-0.292337213,0.090822647,#1f77b4
0.311500829,0.434416687,-0.035753181,#d62728
0.675232015,-0.328268267,0.032846745,#1f77b4
0.20249165,0.363332988,-0.010676766,#d62728
0.053384707,0.112219737,-0.227601463,#d62728
0.023840686,0.1670561,-0.243546482,#d62728
0.178311331,0.233151718,0.018681128,#d62728
-0.274236846,-0.144934377,-0.075017508,#d62728
0.04323859,-0.089422123,-0.185994604,#d62728
-0.426692007,-0.220505456,0.222263429,#d62728
0.780764598,-0.017077903,0.203684178,#1f77b4
0.688984195,-0.083252052,0.33502061,#1f77b4
-0.075823382,-0.102243388,-0.219196214,#d62728
0.017818783,0.379182369,0.566626329,#d62728
-0.551131363,-0.313405307,0.035194753,#d62728
-0.145124579,-0.017868109,-0.334839796,#d62728
0.135016593,0.170011287,-0.149787739,#d62728
-0.124957628,0.002110122,-0.168270893,#d62728
0.112685457,0.514342334,-0.024927547,#d62728
0.661751011,-0.373519383,-0.032110788,#1f77b4
0.438632269,0.681525746,0.497814035,#d62728
-0.077457577,0.176097571,-0.132287885,#d62728
0.664423593,-0.37062476,-0.013290281,#1f77b4
0.106729335,0.418819303,0.11338146,#d62728
-0.238542702,-0.196381218,-0.284061385,#d62728
0.710351336,-0.280008753,0.042681564,#1f77b4
-0.097147866,0.087091512,-0.266445348,#d62728
-0.132908914,0.028188417,-0.294814122,#d62728
-0.489785797,-0.18795768,0.051594961,#d62728
-0.509262151,-0.252400592,0.035663523,#d62728
-0.338237397,0.06953189,0.155318565,#d62728
0.493068656,-0.554524971,0.05887688,#1f77b4
0.157127565,0.310276072,-0.170174809,#d62728
-0.207079378,-0.113765244,-0.21547685,#d62728
-0.473687428,-0.130351498,0.125655629,#d62728
-0.092496274,0.006735266,-0.307448551,#d62728
-0.499239755,-0.145035593,0.116877519,#d62728
0.084059848,0.180051038,-0.212840057,#d62728
-0.605567744,-0.264703764,0.527284943,#d62728
0.426823516,-0.570414449,0.197092599,#1f77b4
-0.330770124,0.052741376,0.080372062,#d62728
-0.184239348,-0.106139077,0.08957654,#d62728
0.140735961,0.641644741,0.195614351,#d62728
-0.168981979,-0.064937101,0.204990081,#d62728
-0.190268545,0.346294976,0.392709357,#d62728
-0.229039728,0.125715711,0.185600242,#d62728
0.80105726,-0.057511975,0.145608148,#1f77b4
0.80069125,-0.023845248,0.173682831,#1f77b4
-0.088859183,-0.094022926,-0.164324783,#d62728
0.597373219,-0.426973157,0.015532178,#1f77b4
0.42363168,-0.164352537,0.108615817,#1f77b4
-0.371155629,-0.109125499,0.077341892,#d62728
-0.389348856,0.050700865,0.22019372,#d62728
-0.052288613,0.014795414,-0.374729309,#d62728
-0.199822119,-0.122800212,0.084879244,#d62728
-0.184207325,0.10306738,0.078337574,#d62728
-0.257277096,-0.152090295,0.009214772,#d62728
-0.105824431,0.039483428,-0.218010397,#d62728
-0.121733643,0.12117359,-0.187790799,#d62728
-0.316509596,-0.194343272,-0.022695565,#d62728
-0.166700146,-0.022056321,-0.244367394,#d62728
-0.215220891,0.072371827,0.236684008,#d62728
-0.449289419,-0.18705257,0.157811545,#d62728
-0.834271091,-0.164912113,0.756979744,#d62728
0.013089295,0.247012151,0.186147642,#d62728
-0.163961963,0.191048693,-0.040349436,#d62728
-0.028496261,0.264858054,0.024305753,#d62728
-0.496800631,-0.019070312,0.531775106,#d62728
0.091073842,0.051047545,-0.221840224,#d62728
-0.02350447,0.262145609,-0.13059656,#d62728
-0.32605895,-0.143591585,-0.126677331,#d62728
0.736673673,-0.197447613,0.06235156,#1f77b4
0.137855864,0.216605543,-0.171887091,#d62728
0.741277381,-0.275488454,-0.025388513,#1f77b4
-0.139760973,-0.107203661,-0.151939748,#d62728
-0.406139943,-0.049630548,0.2487579,#d62728
-0.248519411,-0.061970701,0.233596105,#d62728
-0.08833485,-0.170634615,-0.11287361,#d62728
-0.137468986,-0.04829781,-0.011808754,#d62728
-0.659600279,-0.187188639,0.493319327,#d62728
-0.253356237,0.260090532,0.923841146,#d62728
0.731912866,-0.097851188,0.211037577,#1f77b4
-0.219702524,-0.097586887,-0.255950395,#d62728
0.731912876,-0.247391709,-0.016854036,#1f77b4
-0.344085908,-0.099769633,-0.186988319,#d62728
-0.23960536,0.055475483,-0.024680857,#d62728
-0.154104566,0.25250318,0.087044731,#d62728
0.710194021,-0.19632211,0.143475091,#1f77b4
-0.153170895,-0.138189117,0.034564485,#d62728
-0.288975674,-0.118081565,0.162365518,#d62728
-0.39645717,-0.097987428,-0.018810594,#d62728
-0.273178864,-0.008727055,-0.022119533,#d62728
-0.036672432,0.140324751,0.066100043,#d62728
0.182617429,0.218015469,-0.17635879,#d62728
0.125760936,0.179014605,0.015504062,#d62728
-0.029423671,0.277365007,-0.206509942,#d62728
0.759255999,-0.151225207,0.073452084,#1f77b4
-0.199426489,0.040037483,0.229713883,#d62728
0.019323427,0.005334904,-0.281255064,#d62728
-0.25792219,-0.075833073,0.032086844,#d62728
0.180642793,0.414874686,0.137417409,#d62728
-0.540781714,-0.253129451,0.294021078,#d62728
0.027179598,0.62884954,0.171781699,#d62728
-0.050041048,-0.055812385,-0.157254858,#d62728
0.152602059,0.288958426,-0.0564591,#d62728
-0.14523012,-0.275652383,0.21720965,#d62728
-0.067476591,0.048233463,-0.314946663,#d62728
-0.050350318,0.007168714,-0.195990744,#d62728
-0.089240094,0.098288104,-0.288071066,#d62728
-0.11710129,0.032447805,-0.0448055,#d62728
-0.408749224,-0.093172793,0.178779437,#d62728
-0.274108823,0.033159679,0.230987261,#d62728
-0.435176114,-0.203454328,-0.081868555,#d62728
-0.226972159,-0.099149752,-0.262084088,#d62728
-0.179194062,0.157549713,0.13122352,#d62728
-0.025251544,0.139889188,-0.40714834,#d62728
0.811018093,-0.06046121,0.114320047,#1f77b4
-0.253331237,0.050681821,0.108284467,#d62728
0.67762498,-0.350826049,-0.022931806,#1f77b4
0.11046423,0.086277693,-0.194027138,#d62728
-0.263238685,-0.067418215,-0.292587168,#d62728
-0.269454816,-0.035536294,-0.153356691,#d62728
0.355211169,0.456635682,0.087456288,#d62728
0.13496716,0.397073917,0.045945936,#d62728
0.704831455,-0.282922374,-0.005311358,#1f77b4
0.541269831,-0.510968336,0.01752457,#1f77b4
-0.155903291,0.130106314,-0.035031069,#d62728
-0.15049613,0.069206486,-0.104426957,#d62728
-0.453441083,-0.245941636,0.073500383,#d62728
-0.231909603,0.099652272,0.14733203,#d62728
0.717666606,-0.280496019,-0.015721194,#1f77b4
-0.061607128,0.075472068,-0.244299683,#d62728
0.151751878,0.166964944,-0.211399989,#d62728
-0.285940969,-0.025095638,0.000334667,#d62728
0.062161037,0.215889235,-0.233750767,#d62728
-0.269607751,-0.080257816,0.160642142,#d62728
-0.082978871,0.05626315,-0.453713147,#d62728
-0.401327357,-0.259633745,0.176926098,#d62728
-0.065689949,-0.024704724,-0.199356005,#d62728
-0.136735303,0.143948511,-0.105162788,#d62728
0.245562522,-0.176982891,-0.160404073,#d62728
0.204697459,0.253161233,-0.031894686,#d62728
0.156652762,0.277313677,-0.051100776,#d62728
-0.137059206,0.059145932,-0.208791198,#d62728
-0.114198935,0.005926921,-0.136158181,#d62728
0.738548693,-0.167607973,0.106370096,#1f77b4
-0.154722392,-0.006744098,-0.2033937,#d62728
-0.532688402,-0.397455674,0.270600262,#d62728
0.617379317,-0.465878086,-0.063621502,#1f77b4
0.041158947,0.074911079,-0.32156313,#d62728
0.742744713,-0.188796521,0.062899306,#1f77b4
-0.060033532,0.143963766,-0.127839751,#d62728
0.751934782,-0.171700973,0.066151514,#1f77b4
-0.379780922,-0.256706707,-0.072504573,#d62728
-0.130461755,0.019765307,-0.277426797,#d62728
0.331252277,0.642488604,-0.030184079,#d62728
0.070404255,0.169473223,-0.21442427,#d62728
-0.343224853,-0.190731554,0.06712639,#d62728
-0.296970371,-0.138615322,0.219984309,#d62728
0.035180401,-0.601461257,0.2555016,#d62728
-0.023333477,0.092443195,0.382783798,#d62728
0.776077047,-0.148554102,0.096002116,#1f77b4
-0.043192866,0.223176319,-0.194823589,#d62728
-0.040650393,0.215710911,-0.116659486,#d62728
-0.161115785,-0.071980044,-0.258565344,#d62728
0.187636333,0.404153659,0.07131039,#d62728
0.792144942,-0.08753776,0.09117686,#1f77b4
-0.034534732,0.176248302,-0.266654885,#d62728
-0.418562323,-0.029227929,0.25515687,#d62728
0.600417175,-0.360260209,0.088640358,#1f77b4
-0.116182774,0.095449083,-0.25557713,#d62728
0.004870524,0.21250893,0.082526241,#d62728
-0.13545892,-0.102820377,-0.223155219,#d62728
-0.1131228,-0.170885683,-0.20866409,#d62728
-0.340473135,-0.045311847,0.044359917,#d62728
-0.557397892,-0.159245142,0.165871655,#d62728
-0.022956559,0.377519421,0.415679309,#d62728
-0.224756716,0.16313951,0.019246823,#d62728
0.946496974,0.195371467,0.240879344,#1f77b4
0.684204758,-0.322710352,-0.009375199,#1f77b4
-0.410093805,-0.285899927,0.149364729,#d62728
0.059377979,0.250045577,-0.046147875,#d62728
-0.163070532,0.010902512,-0.189742126,#d62728
0.059250943,0.27377662,-0.145701825,#d62728
0.768813881,-0.150586613,0.072376122,#1f77b4
-0.008143386,0.314431883,-0.119473662,#d62728
0.404221015,0.173216118,0.009131473,#1f77b4
-0.153796534,-0.127701741,-0.256336712,#d62728
-0.412607716,-0.280596044,0.141260495,#d62728
-0.456539708,-0.300944624,0.197419029,#d62728
0.839924795,-0.014053669,0.113975613,#1f77b4
-0.376261827,-0.252086849,0.232679347,#d62728
-0.094380975,-0.060536208,-0.315800002,#d62728
0.223611425,0.509510919,0.610244906,#d62728
-0.243146853,-0.008768112,-0.071523393,#d62728
-0.013562559,0.059374778,-0.260762425,#d62728
0.632280479,-0.344346336,0.054404883,#1f77b4
0.519468838,-0.495195789,0.107414387,#1f77b4
-0.569487617,-0.339264424,0.29258655,#d62728
-0.277495726,-0.177962453,-0.028173947,#d62728
-0.300699475,-0.157324642,0.173528716,#d62728
-0.245763847,0.030819831,0.085092165,#d62728
0.120328017,-0.172457584,0.235241538,#d62728
-0.478432457,-0.14966515,0.126802929,#d62728
0.167878902,0.114452707,-0.010539322,#d62728
-0.627536427,-0.376307717,0.315406084,#d62728
-0.164674795,0.010190957,-0.209157675,#d62728
0.20821674,0.255429901,-0.207153586,#d62728
-0.014317829,0.158243902,-0.190647104,#d62728
0.020317954,0.257484556,-0.050956318,#d62728
-0.084413044,0.116783113,-0.260014618,#d62728
-0.037823409,0.068125098,-0.105124948,#d62728
0.016400568,0.338156775,-0.067323132,#d62728
-0.185966798,-0.059010597,0.106882131,#d62728
-0.203054353,0.094658136,-0.032506579,#d62728
-0.355998254,-0.009650883,0.256333408,#d62728
0.115508308,0.173561921,-0.213869617,#d62728
-0.355547704,-0.217334639,-0.123501534,#d62728
-0.043455352,0.520416885,0.158259102,#d62728
0.013263507,0.179919795,-0.22946334,#d62728
-0.249427183,-0.102327226,-0.128333015,#d62728
0.005299848,-0.030621842,-0.133070588,#d62728
0.033791986,0.420095896,0.043968873,#d62728
-0.04574808,0.236789866,0.153585019,#d62728
0.65883603,-0.312120563,0.067088617,#1f77b4
-0.151067504,-0.091440812,-0.232606505,#d62728
0.669053893,-0.273170301,0.102703863,#1f77b4
-0.227438014,-0.14775531,-0.328569054,#d62728
-0.088042378,-0.027875651,-0.265448754,#d62728
0.520946445,-0.514850403,0.049880098,#1f77b4
-0.312234481,0.02716879,0.303200305,#d62728
-0.386408492,-0.285769951,0.203289516,#d62728
-0.330516796,-0.183305078,-0.219682971,#d62728
0.679099711,-0.133536272,0.28902622,#1f77b4
-0.213427661,-0.001881737,-0.183757777,#d62728
0.308437556,0.394192703,0.489829677,#d62728
-0.01638933,0.076184358,-0.043505148,#d62728
-0.313116854,-0.216467274,0.080325594,#d62728
-0.684114596,-0.386504482,0.463809178,#d62728
-0.315026528,-0.232458851,-0.196674697,#d62728
-0.287858618,-0.188804675,-0.124100192,#d62728
-0.275167826,-0.165631688,-0.182788092,#d62728
0.562193868,0.652728955,0.365012285,#1f77b4
0.097768074,0.216193254,-0.20042895,#d62728
-0.224614401,-0.016883171,0.168105451,#d62728
-0.290882226,-0.181757973,-0.218868157,#d62728
-0.258248858,0.017681082,0.129551123,#d62728
-0.22342507,-0.19424549,-0.260084532,#d62728
0.618323566,-0.345383998,0.075270616,#1f77b4
-0.202655809,0.0195402,0.030539928,#d62728
0.300345933,0.155364697,-0.040076259,#d62728
0.620260822,-0.461741622,-0.092130369,#1f77b4
0.096492864,0.393417386,-0.187402673,#d62728
0.612619343,-0.353482271,0.107641025,#1f77b4
0.092628389,0.093878224,-0.174610805,#d62728
0.033189383,0.141202905,-0.183807927,#d62728
0.742270836,-0.115643702,0.155328303,#1f77b4
-0.026105693,0.045325891,-0.283217647,#d62728
0.041958608,0.100749575,-0.267587512,#d62728
-0.276642746,-0.09693288,-0.258114566,#d62728
-0.428148233,-0.283716545,-0.003191173,#d62728
0.021057973,-0.199988169,-0.146229137,#d62728
-0.051884987,0.1623201,-0.032597381,#d62728
0.344211183,0.201287948,-0.090761602,#d62728
0.657989623,-0.30233235,0.045728652,#1f77b4
-0.031202421,-0.035250916,-0.266510101,#d62728
-0.002788028,0.144218359,-0.222630581,#d62728
-0.300287743,-0.075293352,-0.03989811,#d62728
0.2147923,0.363062776,-0.044114588,#d62728
0.820235814,0.002370173,0.164189217,#1f77b4
-0.741237631,-0.41404369,0.319646411,#d62728
-0.085054777,0.119867116,-0.333076803,#d62728
0.018741607,0.337362733,-0.149648674,#d62728
0.048453548,-0.00524016,-0.374869789,#d62728
-0.203058188,-0.026494528,-0.000940661,#d62728
-0.140938534,0.005943681,-0.236973286,#d62728
0.469834106,0.327279215,0.179061069,#1f77b4
0.765629349,-0.162102006,0.070038611,#1f77b4
0.68228674,-0.327894418,0.006813009,#1f77b4
0.31837454,0.648799462,0.156385372,#d62728
-0.163144064,-0.033227277,-0.308730768,#d62728
0.198303937,0.539490929,0.549770498,#d62728
-0.005715807,0.131786733,-0.205294987,#d62728
0.714270243,-0.181964707,0.153125212,#1f77b4
0.738853119,-0.264870838,0.005888724,#1f77b4
0.323289919,0.331093076,-0.097459507,#d62728
0.781171982,-0.115999725,0.105012633,#1f77b4
-0.026193636,0.176343074,-0.221461063,#d62728
-0.079053892,0.120929509,-0.068131141,#d62728
-0.276486604,0.072313605,0.039051387,#d62728
0.656530137,-0.32509458,0.043653766,#1f77b4
-0.243110918,-0.176614136,0.035090104,#d62728
-0.230592237,-0.171922145,-0.249053944,#d62728
0.913392602,0.184363791,0.241096744,#1f77b4
-0.054901291,0.429566496,0.699144133,#d62728
-0.163523898,0.383508308,0.605695083,#d62728
-0.406613094,0.180122421,0.331206084,#d62728
-0.018887674,0.15528149,-0.245708836,#d62728
-0.148088884,0.031491413,-0.17841643,#d62728
-0.236127522,-0.148754337,-0.216541952,#d62728
-0.279396893,0.089801332,0.060451043,#d62728
0.027904729,0.217795248,0.037448778,#d62728
0.15497661,0.435424124,0.023302893,#d62728
-0.301344185,-0.032050678,-0.055529852,#d62728
-0.196071021,0.050464593,-0.081050914,#d62728
0.21929423,0.411231401,-0.060285991,#d62728
0.719636825,-0.289257033,-0.039499163,#1f77b4
0.166838885,0.453774971,0.454134231,#d62728
0.005845072,0.102843999,-0.130080628,#d62728
-0.112957454,0.358619322,0.055747607,#d62728
0.3042473,0.066645058,-0.101761633,#d62728
-0.044586442,0.357020637,-0.062384524,#d62728
-0.44585738,-0.196694397,0.024658426,#d62728
0.645033092,-0.375683187,-0.009754275,#1f77b4
-0.020745961,0.46470744,-0.02601216,#d62728
-0.195341874,0.080278172,-0.009754858,#d62728
0.590473899,-0.381368864,0.089115992,#1f77b4
0.228296478,0.272109414,-0.119906322,#d62728
0.069006753,-0.03985362,-0.151962023,#d62728
-0.377207506,0.146536039,1.042854794,#d62728
-0.145629365,-0.033223058,-0.298898194,#d62728
-0.406104895,-0.152039833,-0.153886172,#d62728
-0.667230037,-0.251913847,0.205081228,#d62728
0.14774844,0.290083917,-0.056908014,#d62728
-0.099047254,0.160072344,0.143491141,#d62728
0.157415049,0.043495932,-0.160041155,#d62728
-0.131002586,0.0025328,0.016933042,#d62728
-0.320456369,-0.188692384,-0.196853877,#d62728
-0.294678231,-0.092976502,0.167758312,#d62728
-0.149325214,-0.266055615,0.203813675,#d62728
-0.268426685,-0.254462539,-0.010562627,#d62728
0.244797664,0.177288735,-0.137279106,#d62728
-0.154357984,0.175298017,-0.093572694,#d62728
0.140531704,0.467440574,0.043341184,#d62728
-0.323133843,-0.167365553,-0.1827255,#d62728
0.692953446,-0.215054799,0.083973303,#1f77b4
-0.30169923,-0.177393759,-0.283843831,#d62728
-0.640750848,-0.384715291,0.168302894,#d62728
-0.357729721,0.083523419,0.139452858,#d62728
-0.077794425,0.402653509,0.490888294,#d62728
-0.253083547,-0.095974797,-0.194989524,#d62728
-0.091394504,0.144244872,-0.189694997,#d62728
0.824545882,0.053543836,0.234405043,#1f77b4
-0.375721359,0.079998509,0.144929806,#d62728
0.673199037,-0.248880626,0.147860128,#1f77b4
-0.279540931,-0.247350797,-0.05231787,#d62728
0.169608914,0.496116953,-0.07557807,#d62728
-0.217182596,-0.091793488,-0.16568315,#d62728
-0.157169473,-0.089291306,-0.279982025,#d62728
-0.235236101,0.019567226,0.232542666,#d62728
0.780410232,-0.133850056,0.059842322,#1f77b4
0.597475912,-0.436574463,-0.001380195,#1f77b4
0.537633034,-0.486359295,0.088858918,#1f77b4
-0.153990597,0.149120458,0.204508655,#d62728
-0.431952577,0.039523015,0.535007683,#d62728
0.665042065,-0.363358048,0.000759562,#1f77b4
-0.320945938,-0.035007974,0.15325312,#d62728
0.704839052,-0.299804731,-0.004619983,#1f77b4
0.036504058,0.464664084,-0.028636831,#d62728
0.711498544,-0.233733394,0.071793332,#1f77b4
0.083933617,0.236059245,-0.174702056,#d62728
0.089060077,0.395032511,0.14006133,#d62728
-0.209059321,0.131607476,-0.061653208,#d62728
-0.189659438,0.128353329,-0.089866769,#d62728
0.13072362,0.260643292,-0.100229875,#d62728
-0.116658185,0.073739693,-0.274167334,#d62728
0.001356337,0.286365946,-0.064946153,#d62728
0.679168607,-0.218141435,0.116271727,#1f77b4
0.643358611,-0.408809918,-0.05788983,#1f77b4
-0.279786972,-0.127454406,-0.157792383,#d62728
0.122265581,0.129910176,-0.1341434,#d62728
-0.076273123,0.24633485,-0.160660893,#d62728
0.038025469,0.256952125,-0.076875546,#d62728
0.062227524,0.076532211,-0.344228147,#d62728
-0.199213876,0.035561595,0.515241019,#d62728
0.269064182,0.223251269,-0.217750238,#d62728
0.020171171,0.114305506,-0.123738772,#d62728
0.678768262,-0.325316511,0.014275676,#1f77b4
-0.031454981,0.12949869,-0.2646409,#d62728
-0.694889173,-0.336950844,0.192151847,#d62728
-0.063489275,0.29083426,-0.129084381,#d62728
0.735397052,-0.16167002,0.094748343,#1f77b4
0.116161916,0.486225895,-0.040210089,#d62728
-0.295025158,-0.183254421,0.177851103,#d62728
-0.368040758,-0.126276061,0.023704561,#d62728
0.580783684,-0.321354953,0.19598326,#1f77b4
-0.297483145,-0.193746387,-0.187820021,#d62728
-0.229832122,-0.099007496,-0.21921771,#d62728
0.6989859,-0.288383526,0.008049991,#1f77b4
-0.130083678,0.028883915,-0.325683353,#d62728
-0.020443893,0.127583522,-0.305883387,#d62728
0.657351628,-0.349447985,-0.009302264,#1f77b4
-0.209723116,-0.169248582,-0.031297385,#d62728
-0.218627701,-0.100781962,-0.310537808,#d62728
-0.267557903,0.050896969,0.046612268,#d62728
0.07316586,0.133150604,-0.194348273,#d62728
-0.248124826,-0.216403192,0.036528551,#d62728
0.147372031,0.189252618,-0.129434289,#d62728
-0.058278961,0.085070601,-0.248466805,#d62728
0.563254871,-0.488349829,0.032071267,#1f77b4
0.542118679,-0.405718636,0.190958193,#1f77b4
0.162523093,0.597451686,0.447837899,#d62728
-0.220522861,0.253467971,0.480640402,#d62728
-0.262477996,-0.169510654,-0.206472814,#d62728
0.140324855,0.311134346,-0.09823916,#d62728
-0.111121538,-0.017971528,-0.113220453,#d62728
-0.461405136,-0.166307821,0.031353376,#d62728
-0.42611871,-0.045654774,0.175521981,#d62728
-0.375264376,-0.227687611,0.150941627,#d62728
-0.423320496,-0.428487233,0.15570624,#d62728
-0.014762658,0.213344328,-0.25215615,#d62728
0.840470676,0.049067761,0.184744021,#1f77b4
-0.004647654,0.191684701,-0.163873504,#d62728
-0.330606511,-0.174698755,-0.260030744,#d62728
0.063145678,0.088256657,-0.105097602,#d62728
-0.033700489,0.353293262,-0.088433,#d62728
-0.095997692,-0.005255833,-0.26545665,#d62728
0.036437385,0.126339337,-0.06046969,#d62728
-0.353496113,0.114934026,0.201022298,#d62728
-0.297702009,-0.131524784,-0.159053474,#d62728
-0.472732173,-0.276913292,0.190533906,#d62728
0.168540319,0.353379627,-0.148014367,#d62728
0.234284946,0.494989831,0.255091964,#d62728
-0.069385119,0.306212065,0.692819817,#d62728
-0.197688172,-0.101097196,-0.258796615,#d62728
0.681843886,-0.27086049,0.061918695,#1f77b4
-0.343334394,-0.2038641,-0.187251791,#d62728
-0.102201175,-0.037280445,0.254322576,#d62728
0.162198652,0.495359829,-0.143589314,#d62728
-0.100337337,0.033764604,-0.020224937,#d62728
0.305668086,0.218707913,-0.119092805,#d62728
0.016495439,0.152064072,-0.250782641,#d62728
-0.049360861,0.229224782,-0.161776763,#d62728
-0.053676986,-0.150423776,-0.273057926,#d62728
0.683396385,-0.332745068,-0.03798683,#1f77b4
-0.321779905,-0.03435878,-0.005883579,#d62728
-0.237057501,-0.047215443,-0.196765094,#d62728
0.791737521,-0.102423102,0.09802535,#1f77b4
-0.212850117,0.0465787,-0.131677298,#d62728
-0.169187519,-0.117957628,-0.125832547,#d62728
-0.01442093,0.309447977,0.07554633,#d62728
-0.688413915,-0.419458538,0.114324846,#d62728
0.026766448,0.117546529,-0.171273008,#d62728
0.072712681,0.104028723,-0.20936276,#d62728
-0.165518743,-0.140827387,-0.271815953,#d62728
-0.120613958,-0.03312627,-0.232281347,#d62728
0.034343442,-0.00541899,-0.272726289,#d62728
-0.216311259,0.036259001,-0.112295895,#d62728
-0.689294425,-0.362502152,0.520856232,#d62728
-0.094907127,0.085115888,-0.149403239,#d62728
-0.136091565,0.123821068,-0.083435208,#d62728
-0.512988871,-0.187591801,0.05253089,#d62728
-0.01871164,0.124629765,-0.23926284,#d62728
-0.101893214,0.450972886,0.106348414,#d62728
0.770481459,-0.181317503,0.044569413,#1f77b4
0.0934939,0.330045413,-0.131488961,#d62728
-0.228746892,-0.037251616,-0.26556717,#d62728
0.016963295,0.133738926,-0.183290328,#d62728
0.009874937,-0.096915679,-0.311253922,#d62728
0.70422188,-0.251384397,0.094180091,#1f77b4
0.766288925,-0.164546069,0.058022384,#1f77b4
0.019081532,0.133268592,0.149517654,#d62728
0.082917979,0.351128961,-0.170962389,#d62728
0.699164549,-0.336621336,-0.054220639,#1f77b4
-0.267368794,-0.112057596,0.109775298,#d62728
-0.206359453,0.012986955,-0.027803989,#d62728
-0.3182052,0.018092113,0.648661952,#d62728
-0.172913675,0.05670395,-0.005839242,#d62728
-0.006130722,0.063042004,-0.340243377,#d62728
0.78138751,-0.100224937,0.102500228,#1f77b4
0.683560733,-0.250083057,0.102469412,#1f77b4
-0.204790911,0.010128493,-0.001620826,#d62728
0.778549884,-0.094227354,0.16470321,#1f77b4
0.517614105,-0.55221121,0.024039229,#1f77b4
-0.404955261,-0.168373565,0.278597074,#d62728
-0.201913141,-0.029855522,-0.014220056,#d62728
-0.395058888,-0.26873854,0.084169075,#d62728
-0.142616508,-0.187609735,-0.147149249,#d62728
-0.243752194,0.174664198,0.589127034,#d62728
0.666386139,-0.334335234,0.011059723,#1f77b4
0.06353617,0.279396027,-0.131707105,#d62728
-0.442435631,-0.005149937,0.088409871,#d62728
-0.134294152,0.0920045,-0.22543986,#d62728
-0.065778678,0.077470754,-0.368076664,#d62728
-0.114104,0.043485439,-0.114510991,#d62728
0.199046105,0.039178575,-0.273017402,#d62728
0.015621233,0.244906244,-0.071861931,#d62728
0.155625383,0.291515632,-0.140757617,#d62728
0.012721895,0.225666298,-0.202694999,#d62728
0.088182194,0.33238086,0.015844785,#d62728
-0.071134987,0.140704028,-0.175783163,#d62728
-0.059810933,0.135369134,-0.1308547,#d62728
-0.084469577,-0.061092582,-0.377240735,#d62728
-0.370670852,0.058276347,0.451002719,#d62728
0.408093423,0.478517539,0.207763729,#d62728
-0.309332985,-0.199966431,-0.049255749,#d62728
0.079883583,0.083473856,0.001457794,#d62728
0.681540805,-0.298807112,0.034473347,#1f77b4
0.28929256,0.518021543,0.022502687,#d62728
0.075354531,0.315517198,-0.141880585,#d62728
-0.367693619,-0.160631426,-0.169969672,#d62728
-0.009762437,-0.165070201,0.00403503,#d62728
-0.645452401,-0.39925867,0.304157724,#d62728
0.533418144,-0.49326117,0.053953239,#1f77b4
-0.49495629,-0.123624267,0.21546742,#d62728
-0.075626014,-0.007267124,-0.332354218,#d62728
-0.137130842,-0.013460714,-0.054397833,#d62728
0.738824649,-0.083764156,0.192080766,#1f77b4
0.502755732,-0.572325447,0.025236054,#1f77b4
-0.027810679,-0.131324851,0.115953047,#d62728
-0.286600321,-0.226887937,-0.204562236,#d62728
0.713005266,-0.172615885,0.121874154,#1f77b4
0.300069446,0.452084957,-0.077671857,#d62728
-0.263643673,-0.117006281,-0.266320909,#d62728
0.072490606,0.188573019,-0.148807756,#d62728
0.697695581,-0.329853838,-0.030078905,#1f77b4
-0.060067194,0.099434215,-0.139299278,#d62728
-0.193357483,-0.020610977,-0.177487729,#d62728
0.011725102,0.068007381,-0.259312831,#d62728
0.47544542,0.374471526,0.6133123,#1f77b4
0.772154281,-0.044340047,0.241096793,#1f77b4
-0.074219933,0.075010412,-0.334714991,#d62728
-0.117337247,0.253151622,0.278233875,#d62728
0.339100296,0.564721984,0.022188038,#d62728
0.764425834,-0.142024707,0.112775194,#1f77b4
-0.497737798,-0.321803196,0.252381504,#d62728
0.233726386,0.417048705,-0.084711203,#d62728
-0.2071445,-0.022372248,-0.236112789,#d62728
-0.173109018,0.148587215,-0.088665691,#d62728
0.625191502,-0.403193248,0.013879061,#1f77b4
0.051846703,0.173425015,-0.237793864,#d62728
-0.021024746,0.648074546,0.257972155,#d62728
0.76955679,-0.179904086,0.011107985,#1f77b4
0.86355117,0.091268075,0.19625588,#1f77b4
0.132946551,0.340285926,-0.18173224,#d62728
-0.117352988,-0.009970706,-0.234787663,#d62728
-0.230252176,-0.149888473,0.444754907,#d62728
-0.32511753,-0.05603682,-0.02767957,#d62728
0.930181961,0.205911738,0.267057819,#1f77b4
0.03293555,0.163280445,-0.080471243,#d62728
-0.085509733,0.116877873,-0.304761546,#d62728
-0.060209039,0.024267704,-0.174478472,#d62728
0.55163081,-0.357718455,0.208879868,#1f77b4
-0.139399299,-0.147929576,-0.318027044,#d62728
-0.345351152,-0.294918125,0.167763632,#d62728
-0.033825684,0.202016472,0.207145215,#d62728
-0.247045614,-0.060735211,-0.197881704,#d62728
-0.101215736,-0.007640479,0.117214816,#d62728
0.040359695,0.256415844,-0.145832803,#d62728
-0.32886849,-0.203472481,-0.136945298,#d62728
-0.162616016,-0.142448226,-0.191106943,#d62728
-0.95517661,-0.283036222,0.82288058,#d62728
0.019364371,0.051636963,-0.264799958,#d62728
0.718624437,-0.129091094,0.188253766,#1f77b4
0.758721978,-0.18973357,0.025356556,#1f77b4
0.866869425,0.07352237,0.193018312,#1f77b4
-0.203595605,-0.090098484,-0.100286342,#d62728
0.049064675,0.126985381,-0.258716501,#d62728
-0.55251603,-0.374216033,0.477829797,#d62728
-0.204495602,0.170446891,0.355740415,#d62728
0.235180189,0.181885188,-0.09180987,#d62728
-0.035401548,0.089123102,-0.208936305,#d62728
-0.140920571,-0.09394897,-0.317414229,#d62728
-0.47075679,-0.286397892,0.026610161,#d62728
0.75361621,-0.164574371,0.094354816,#1f77b4
-0.187730699,0.09099325,-0.14771422,#d62728
-0.093860595,0.181199474,0.052081681,#d62728
-0.247323976,-0.193880162,0.01309716,#d62728
0.712051098,-0.245921533,0.046479019,#1f77b4
0.791085538,-0.181176857,0.014797278,#1f77b4
-0.315141509,0.023147896,-0.025501898,#d62728
-0.167492596,-0.050803086,-0.160438359,#d62728
0.002057046,-0.098020518,-0.267214758,#d62728
-0.142608278,0.375550916,0.106317835,#d62728
-0.021896888,0.387229177,-0.094259798,#d62728
-0.026879103,0.245296253,-0.205430145,#d62728
-0.129310751,0.083595074,-0.18675044,#d62728
-0.321959167,-0.263327446,-0.019568466,#d62728
-0.266542356,-0.119319322,-0.204465248,#d62728
0.193215868,0.192683528,-0.131186723,#d62728
0.690065022,-0.317276654,0.0139331,#1f77b4
-0.41226486,-0.195075952,-0.08421488,#d62728
-0.172148058,-0.264765095,-0.112993695,#d62728
0.609439106,-0.411990007,0.024509975,#1f77b4
-0.494688991,-0.041637429,0.478694057,#d62728
-0.647229601,-0.233432821,0.104324575,#d62728
0.124000365,0.472293114,0.507070833,#d62728
0.117036829,0.550010984,0.352231454,#d62728
0.098120427,0.171766712,-0.177856036,#d62728
-0.163267334,-0.058150625,-0.06239369,#d62728
0.711703946,-0.137817443,0.171947515,#1f77b4
-0.260521956,-0.097789231,-0.300180549,#d62728
-0.232283272,-0.048457042,-0.216016827,#d62728
0.324023217,0.31066784,-0.102172468,#d62728
0.002274274,0.161046875,-0.235294441,#d62728
0.10766754,0.100614953,-0.267958849,#d62728
0.707021704,-0.235638322,0.067573077,#1f77b4
0.791727187,-0.094207256,0.099372941,#1f77b4
-0.324393908,0.244476352,0.380831805,#d62728
-0.178165853,0.053510485,-0.235551699,#d62728
-0.030056282,-0.088645119,-0.363555036,#d62728
0.66689443,-0.290885433,0.04760255,#1f77b4
0.734941698,-0.193297795,0.075060987,#1f77b4
0.652258507,-0.33107839,0.063061649,#1f77b4
-0.292038119,0.185443285,0.400008709,#d62728
0.144835267,0.228035524,0.037571069,#d62728
0.717117886,-0.247728085,0.030550192,#1f77b4
0.735604933,-0.201976893,0.071876366,#1f77b4
-0.422746296,-0.136820358,0.063780433,#d62728
0.796424402,-0.129003288,0.044027922,#1f77b4
-0.170472377,0.015480946,-0.034326906,#d62728
-0.435459782,-0.128946909,0.114576986,#d62728
0.008332501,0.246221795,-0.026235411,#d62728
-0.538110603,-0.405938372,0.348217847,#d62728
-0.22141805,-0.104082862,-0.237888431,#d62728
-0.312334812,0.006838497,0.472339122,#d62728
-0.329817094,-0.077100795,0.095793655,#d62728
-0.147232412,0.073976842,0.229214008,#d62728
-0.626540326,-0.338788982,0.136111186,#d62728
0.715796786,-0.238497078,0.038672846,#1f77b4
-0.446587888,-0.203043447,0.000124093,#d62728
-0.132686333,-0.016817971,-0.205050432,#d62728
0.024336453,0.417120525,0.589618441,#d62728
0.150508673,0.178354034,-0.201802284,#d62728
0.715511645,-0.234011987,0.064543917,#1f77b4
-0.031552422,0.149117367,-0.22749692,#d62728
0.215184856,0.335344076,-0.092692546,#d62728
-0.340098574,-0.25052552,0.167487246,#d62728
-0.065039201,-0.008582792,-0.164268533,#d62728
0.020271982,0.181005794,-0.303565703,#d62728
-0.644181606,-0.346077064,0.297727685,#d62728
-0.17199533,0.208212105,0.216239673,#d62728
-0.158943718,-0.192694168,-0.264796479,#d62728
-0.043116216,-0.040022473,-0.355398456,#d62728
0.462026873,-0.571596959,0.10943648,#1f77b4
-0.063554883,-0.065001991,-0.311279917,#d62728
-0.131584634,0.02869671,-0.205337942,#d62728
-0.372865063,-0.147578072,0.11299527,#d62728
-0.180190242,0.412202086,0.411872088,#d62728
-0.250035042,-0.101000725,0.064651381,#d62728
-0.137991194,-0.046401504,-0.136366973,#d62728
0.797539342,-0.026919362,0.188827809,#1f77b4
-0.164225387,-0.013224278,-0.176909906,#d62728
-0.50062995,-0.213716174,0.012202749,#d62728
-0.206825286,-0.124760931,-0.120748588,#d62728
-0.565254119,-0.306651748,0.031288814,#d62728
0.730390986,-0.29312165,-0.054171996,#1f77b4
0.020192534,0.152202928,-0.253627551,#d62728
0.189211049,0.185884018,-0.163671575,#d62728
-0.741943118,-0.318552466,0.233826911,#d62728
-0.751429253,-0.333936949,0.278516568,#d62728
0.03559725,0.335965548,0.204466262,#d62728
0.138186804,0.588655275,0.551981838,#d62728
0.67858308,-0.079659764,0.341757156,#1f77b4
-0.117673948,-0.134259467,-0.243647176,#d62728
-0.21878744,-0.079068505,-0.296655824,#d62728
-0.043291982,0.099081571,-0.149903062,#d62728
-0.235317204,-0.169521219,-0.2637971,#d62728
-0.087064003,0.10080945,-0.267600645,#d62728
-0.180936639,-0.029640001,-0.346088354,#d62728
-0.251547737,-0.044903189,0.055493553,#d62728
-0.049285086,-0.136688239,-0.253625771,#d62728
0.124027619,0.212497599,-0.148765763,#d62728
-0.247466483,-0.151988698,-0.210028204,#d62728
0.059557705,0.293506807,-0.053782492,#d62728
-0.125628886,0.306110887,0.022519242,#d62728
-0.618466761,-0.098251401,0.344971542,#d62728
-0.234504833,-0.075171938,0.055117261,#d62728
0.020960155,-0.039713749,-0.334284588,#d62728
0.544484965,-0.514868936,0.018138364,#1f77b4
-0.027729858,0.386817857,-0.070918492,#d62728
0.759033929,-0.150259147,0.086990002,#1f77b4
-0.074869687,-0.028989084,-0.229693741,#d62728
-0.297978513,-0.106987606,0.116154218,#d62728
-0.085605013,0.567383844,0.256864561,#d62728
-0.038496275,0.124870083,-0.3102094,#d62728
-0.407443004,-0.169743433,0.246298001,#d62728
0.066240802,0.264859117,-0.217897144,#d62728
0.675313058,-0.266864253,0.093294441,#1f77b4
0.009847244,0.275058051,-0.039428474,#d62728
-0.140446187,0.053026658,0.27983061,#d62728
0.671074309,-0.33358883,-0.017957761,#1f77b4
0.106463643,0.227626293,0.017031166,#d62728
-0.105554264,-0.011718483,-0.333618695,#d62728
0.817342194,-0.039443307,0.120075954,#1f77b4
0.004741278,0.248259982,-0.122831645,#d62728
-0.035202241,0.158332119,-0.25887851,#d62728
0.523011582,-0.391116691,0.278571399,#1f77b4
0.746767293,-0.179519254,0.055650506,#1f77b4
0.02850371,0.184882692,-0.332861636,#d62728
-0.110290921,0.11353709,0.284797607,#d62728
0.663426251,-0.275267768,0.078487364,#1f77b4
-0.210540531,-0.013133994,-0.156996082,#d62728
0.02616356,0.227820884,0.365997157,#d62728
-0.012298536,0.65092566,0.284360557,#d62728
-0.162861785,-0.124996754,-0.324213668,#d62728
-0.4839806,-0.299023825,0.118071355,#d62728
-0.195743599,-0.115089692,-0.219497813,#d62728
0.232492321,0.242750541,-0.147638086,#d62728
0.156688414,0.2136335,-0.201997625,#d62728
-0.175442487,-0.084168054,0.124680531,#d62728
-0.171521282,-0.037331046,-0.198192822,#d62728
-0.081148641,0.146793974,0.2558966,#d62728
0.014217259,0.135822953,-0.21652019,#d62728
-0.505854642,0.035461076,0.399322969,#d62728
-0.162369275,0.202377588,-0.011623975,#d62728
-0.002507553,0.261161344,-0.065389293,#d62728
-0.253386,0.014845845,-0.034028543,#d62728
-0.191287078,-0.007415512,0.119381706,#d62728
-0.115618436,-0.022246003,-0.382968854,#d62728
0.058413897,0.083184635,-0.243668596,#d62728
0.872600316,0.014354604,0.098118484,#1f77b4
-0.046347714,0.134390874,-0.315214113,#d62728
-0.187877774,0.13457515,0.310378955,#d62728
-0.356259365,-0.406824032,0.138706171,#d62728
-0.395402762,-0.189365328,-0.060324969,#d62728
0.504814335,-0.508197758,0.093462537,#1f77b4
-0.146796848,0.285057824,0.397436318,#d62728
-0.014775284,0.322381573,-0.017449014,#d62728
0.73374874,-0.217725297,0.056681084,#1f77b4
-0.140668246,0.005666767,-0.308939921,#d62728
0.159513621,0.08698132,-0.193951114,#d62728
-0.179449309,-0.06871565,-0.255277439,#d62728
0.849387038,0.091909392,0.240876387,#1f77b4
-0.149430036,0.292972993,0.057657043,#d62728
0.702755992,-0.267092434,0.037399862,#1f77b4
-0.32365211,-0.070032716,0.140458084,#d62728
-0.352912328,-0.300780659,0.043548968,#d62728
-0.349593802,-0.113230914,0.067790769,#d62728
-0.452728152,-0.177002069,0.060733345,#d62728
-0.175365363,-0.080709773,-0.172321133,#d62728
-0.386873183,-0.223464748,0.182266317,#d62728
0.015233912,0.055112482,-0.257651877,#d62728
-0.437642976,-0.102485546,-0.005111775,#d62728
0.786654618,-0.138090035,0.078673629,#1f77b4
-0.69318102,-0.422976683,0.362701738,#d62728
-0.090398916,0.237055562,-0.15982198,#d62728
0.134878836,0.32228268,-0.019723586,#d62728
-0.180356233,0.032299082,-0.162361082,#d62728
-0.284929293,-0.109691659,-0.116384547,#d62728
-0.381873066,-0.222516233,-0.068863694,#d62728
-0.001244987,0.064842613,-0.253321158,#d62728
0.014847274,-0.007907925,-0.145822135,#d62728
0.648533187,-0.373663225,-0.002719451,#1f77b4
-0.248884627,-0.171137406,-0.204289897,#d62728
0.117973786,0.245871353,-0.19213083,#d62728
-0.385457433,-0.086701277,0.05034488,#d62728
-0.072393989,-0.098095332,-0.109059594,#d62728
0.288833276,0.597605331,0.263421678,#d62728
-0.134368578,-0.113312869,-0.265704907,#d62728
-0.344406448,-0.110315093,0.061062561,#d62728
-0.431317109,-0.275108214,-0.107219179,#d62728
0.100131652,0.175701656,-0.211850151,#d62728
0.128358801,0.025677281,-0.308439719,#d62728
0.107667514,0.152103251,-0.173360437,#d62728
0.049596284,0.193844846,-0.145495562,#d62728
-0.044252776,0.173951641,-0.194372048,#d62728
-0.448916988,-0.226817706,0.351055937,#d62728
-0.192540108,-0.065609839,-0.349631312,#d62728
-0.569017382,-0.366153297,0.568037093,#d62728
0.655950436,-0.347151758,0.00462994,#1f77b4
-0.367822177,-0.317317512,-0.033559144,#d62728
-0.387352534,-0.390215452,0.193759096,#d62728
0.711496841,-0.237322631,0.067924353,#1f77b4
-0.269763547,-0.088107508,-0.162717597,#d62728
0.015966493,0.16131265,-0.096291332,#d62728
-0.353152593,-0.009561527,-0.035949704,#d62728
0.813076276,-0.075573457,0.102431006,#1f77b4
-0.114165051,0.066153798,-0.18926087,#d62728
0.06818004,0.559188751,0.524822769,#d62728
-0.293534708,-0.105805763,0.004924118,#d62728
0.47718125,-0.478107789,0.223516944,#1f77b4
0.047937116,0.019591662,-0.256934587,#d62728
-0.161045021,0.064584959,0.191545519,#d62728
0.12369242,0.232810155,-0.135852941,#d62728
-0.080387517,-0.048999462,-0.151964706,#d62728
0.689971353,-0.333879174,-0.035527114,#1f77b4
-0.35833652,-0.156672427,0.079081486,#d62728
-0.223168309,-0.19083724,-0.202940545,#d62728
0.706040923,-0.246296126,0.071251442,#1f77b4
-0.121100969,0.108183787,-0.222628365,#d62728
0.043077583,0.259744011,-0.175061295,#d62728
0.153984792,0.402752285,-0.113787346,#d62728
-0.41562216,-0.218139801,-0.063131117,#d62728
0.202363219,0.546499441,0.6054627,#d62728
0.240225179,0.325834943,-0.112129085,#d62728
0.142984017,0.218859715,-0.093102081,#d62728
0.648688996,-0.418224751,-0.071087102,#1f77b4
-0.161740975,0.123942908,0.079730027,#d62728
-0.164381237,-0.039843412,-0.248805974,#d62728
-0.638130055,-0.364441953,0.335797763,#d62728
0.043574304,0.095765427,-0.249828723,#d62728
0.621799886,-0.427484561,-0.023377906,#1f77b4
-0.242368388,0.107575696,0.132804406,#d62728
0.053797908,0.214816697,-0.119276803,#d62728
0.816063848,0.017595063,0.210855222,#1f77b4
0.583463703,-0.47284116,-0.025668457,#1f77b4
0.233561808,0.314343602,-0.049824714,#d62728
0.127142932,0.187131904,-0.088845929,#d62728
0.114663255,0.202261863,-0.126925093,#d62728
-0.448236204,-0.376638506,0.406531596,#d62728
-0.508930138,-0.017673541,0.369236496,#d62728
0.066166838,0.2189414,0.087821445,#d62728
0.307241783,-0.116752028,-0.069259584,#1f77b4
-0.082384519,-0.125850341,-0.113767255,#d62728
0.707144039,-0.260541789,0.011132647,#1f77b4
-0.255852924,-0.05220818,-0.203653505,#d62728
0.040965265,0.039320034,-0.171467447,#d62728
0.035092101,0.219312084,-0.210716337,#d62728
-0.196431668,-0.085838477,-0.175576986,#d62728
0.068700374,0.337308997,0.085782244,#d62728
-0.055830668,-0.140528564,-0.263892574,#d62728
-0.299781763,-0.203556934,-0.111244984,#d62728
0.118319016,0.357997211,-0.124293033,#d62728
0.774680231,-0.214370542,-0.002857823,#1f77b4
-0.177996652,0.255593289,0.007963869,#d62728
-0.47998504,-0.257933592,-0.076851913,#d62728
-0.48586471,-0.223397446,0.033194314,#d62728
-0.739145781,-0.391756865,0.262417345,#d62728
0.463252286,0.567677547,0.237032951,#1f77b4
-0.062899677,0.14958011,-0.226569151,#d62728
-0.438123953,-0.145123536,0.009386652,#d62728
-0.33145313,0.089422723,0.097338702,#d62728
-0.403549344,-0.140005105,-0.044338548,#d62728
-0.221958712,0.076569056,0.166362528,#d62728
-0.315580417,0.02166655,0.593591337,#d62728
0.06810906,0.625035398,0.932772205,#d62728
0.12838682,0.539166911,0.868283945,#d62728
-0.137999048,0.189828947,0.063222335,#d62728
-0.067488833,-0.017341564,-0.382828896,#d62728
-0.326524119,-0.031778723,0.374884344,#d62728
-0.186937731,-0.101077117,-0.163763478,#d62728
-0.240980831,0.482829873,0.476201073,#d62728
-0.010078322,-0.39252237,0.221938234,#d62728
-0.092849465,0.267393754,-0.062464906,#d62728
-0.218243173,-0.001674771,0.096587942,#d62728
-0.163127649,-0.08816264,0.006424348,#d62728
-0.189299795,0.146994437,-0.002396834,#d62728
0.76012014,-0.115055367,0.14849902,#1f77b4
0.68863156,-0.311874825,0.012844389,#1f77b4
0.007673662,0.143197074,-0.016109618,#d62728
0.641198608,-0.30653035,0.091716983,#1f77b4
0.841773201,0.004468043,0.153608405,#1f77b4
-0.044828651,0.166596074,0.226827478,#d62728
-0.074178801,0.005733028,-0.107785039,#d62728
-0.101745348,-0.049741587,-0.357879496,#d62728
-0.163025644,-0.059414613,-0.032349181,#d62728
0.633557517,-0.348935914,0.077556161,#1f77b4
0.123114879,0.357035059,0.017981538,#d62728
0.674991685,-0.258662513,0.109461878,#1f77b4
-0.115650971,0.166470532,0.112382018,#d62728
-0.391770279,-0.161184638,-0.021317703,#d62728
-0.415005883,-0.352074201,0.06218611,#d62728
-0.187236383,0.044971115,0.305425179,#d62728
0.118348169,0.097584047,1.90E-05,#d62728
-0.639763314,-0.276031464,0.255539278,#d62728
0.813258156,0.001285884,0.208559773,#1f77b4
0.10392219,0.339106862,-0.131472942,#d62728
-0.061043725,0.516392591,0.26599198,#d62728
0.251460845,0.394587176,-0.047369749,#d62728
-0.064432166,0.23380897,-0.002093892,#d62728
-0.225009493,-0.250318071,-0.03631231,#d62728
-0.337646965,-0.234210565,0.0668628,#d62728
-0.506885515,-0.306497117,-0.069021769,#d62728
-0.245067167,-0.102265859,0.224026788,#d62728
-0.029752237,0.005612492,-0.270956521,#d62728
-0.416343201,-0.225167859,-0.007896754,#d62728
0.250136192,0.740465574,0.340162598,#d62728
-0.06516491,0.075479548,-0.039713215,#d62728
-0.392461414,-0.003874236,0.241209167,#d62728
-0.043948106,0.336840389,-0.06971429,#d62728
-0.39499027,-0.298252497,-0.023254299,#d62728
-0.06887479,-0.097484822,0.551579956,#d62728
-0.283831931,-0.029660784,0.439862878,#d62728
0.082935673,-0.049664372,-0.230604193,#d62728
-0.074188264,-0.048619715,-0.208354191,#d62728
-0.430644759,-0.096849745,0.519655656,#d62728
-0.098949491,0.032350368,-0.202333307,#d62728
-0.213201661,-0.031277568,-0.216842543,#d62728
-0.110205558,-0.094429696,-0.077430974,#d62728
0.335017034,0.168198688,0.234167591,#1f77b4
-0.14122042,-0.036423549,-0.133708279,#d62728
-0.082681945,-0.254515042,0.075483036,#d62728
0.199854056,0.544205279,0.188361023,#d62728
-0.102326866,0.085488486,-0.173179037,#d62728
-0.110638362,0.1301136,-0.086754859,#d62728
0.507710785,-0.466447917,0.176469183,#1f77b4
-0.179727953,0.092901229,-0.153320248,#d62728
-0.232084135,-0.077318893,-0.242527279,#d62728
0.045112617,0.338421361,-0.03276835,#d62728
0.154718657,0.406036883,-0.153372141,#d62728
-0.175499309,0.086452735,-0.182486961,#d62728
-0.178522048,-0.113994799,-0.248852989,#d62728
0.134343431,0.308932012,0.013703413,#d62728
0.116988731,0.45094233,-0.019394359,#d62728
-0.333222705,-0.190512285,-0.083950754,#d62728
-0.375388444,-0.313307329,0.136223613,#d62728
-0.097130489,0.125865472,-0.187864466,#d62728
-0.111211419,-0.019950569,-0.316923762,#d62728
-0.255504443,0.010605868,0.091773414,#d62728
0.548143296,-0.513487681,-0.04165706,#1f77b4
-0.086085966,0.114218022,-0.193180607,#d62728
0.554919926,-0.482895065,0.043720627,#1f77b4
0.220251503,0.492307468,0.107799211,#d62728
0.135046617,0.207288011,-0.154895382,#d62728
-0.196885329,-0.133895746,-0.24747137,#d62728
-0.30068147,-0.118940072,-0.107579554,#d62728
-0.117635132,0.054727895,-0.267959112,#d62728
0.126452922,0.581035542,-0.006920523,#d62728
-0.049548304,0.010381484,-0.36063846,#d62728
0.057020884,0.2157997,-0.096286589,#d62728
-0.112029316,-0.161622413,-0.195689038,#d62728
-0.037120726,0.095711546,-0.12203321,#d62728
0.22679367,0.379499924,-0.139060705,#d62728