title,runtime,imdb_score,imdb_votes,user_review_count,critic_review_count,critic_overall_score,critic_positive_score,critic_mixed_score,critic_negative_score,user_overall_score,user_positive_score,user_mixed_score,user_negative_score,#_of_nominations,#_of_wins
10,122,6.1,17623,82,51,68,4,1,2,5.8,3,2,1,2,0
12,159,7.6,14601,42,71,72,12,5,0,7.4,17,1,3,1,0
12 Angry Men,96,9,759612,1900,150,96,10,0,0,9,484,9,22,3,0
12 Monkeys,129,8,606901,722,197,74,16,4,0,8.7,453,30,12,2,0
127 Hours,94,7.6,369917,533,453,82,37,1,0,8.1,621,65,25,6,0
1941,118,5.8,33318,273,74,34,1,3,3,6,8,7,3,3,0
2001: A Space Odyssey,149,8.3,648826,2400,285,84,20,3,2,8.2,1043,75,148,4,1
21 Grams,124,7.7,234055,594,178,70,31,5,5,7.7,187,30,11,2,0
3:10 to Yuma,122,7.7,305208,680,304,76,35,2,0,7.3,362,68,49,2,0
4 Little Girls,102,7.8,3268,39,16,88,15,1,0,7.6,9,1,2,1,0
42nd Street,89,7.4,11756,129,71,83,8,1,0,0,1,0,0,2,0
8 Mile,110,7.2,278433,657,112,77,34,4,0,8.6,542,39,23,1,1
A Better Life,98,7.2,15872,93,90,64,22,7,1,7.3,28,11,1,1,0
A Bug's Life,95,7.2,285340,410,124,77,18,5,0,7.7,348,63,17,1,0
A Cat in Paris,70,6.9,11195,39,94,63,12,6,2,7,17,6,1,1,0
A Chorus Line,113,6.2,10307,105,30,46,4,5,4,6.8,7,4,2,3,0
A Civil Action,115,6.6,28738,193,62,68,16,10,0,7.8,47,12,7,2,0
A Clockwork Orange,136,8.3,806722,1600,200,77,19,1,2,7.2,767,54,218,4,0
A Dry White Season,106,7,5602,43,24,68,12,7,0,6.6,4,0,1,1,0
A Few Good Men,138,7.7,255157,457,90,62,12,6,3,7.8,158,19,8,4,0
A Fish Called Wanda,108,7.5,140361,261,112,80,14,2,1,8.4,131,11,7,3,1
A Foreign Affair,116,7.3,7553,67,52,75,6,1,0,0,0,1,0,2,0
A Hard Day's Night,87,7.6,44595,270,103,96,24,0,0,8.5,74,5,2,2,0
A History of Violence,96,7.4,234864,1200,447,81,33,4,0,7.4,633,95,152,2,0
A Little Princess,97,7.6,34163,131,32,83,17,2,0,7.5,36,13,3,2,0
A Little Romance,110,7.4,5812,64,27,52,5,4,1,0,0,0,0,2,1
A Man for All Seasons,120,7.7,34138,204,81,72,7,4,0,7.1,8,2,1,8,6
A Mighty Wind,91,7.2,27787,276,85,81,36,4,0,7.2,29,9,4,1,0
A Patch of Blue,105,8,8499,103,27,73,4,1,0,0,2,0,0,5,1
A Place in the Sun,122,7.8,22290,185,81,76,8,3,0,8,9,0,0,10,6
A Prophet,155,7.8,97722,172,264,90,31,0,0,8.5,198,14,4,1,0
A Room with a View,117,7.2,43068,119,61,83,18,2,1,7.3,37,3,6,8,3
A Royal Affair,137,7.5,47065,95,230,73,22,5,0,7.7,53,9,1,1,0
A Separation,123,8.3,240399,420,373,95,41,0,0,8.8,674,33,31,2,1
A Serious Man,106,7,140884,419,316,84,32,4,2,6.7,204,63,62,2,0
A Simple Plan,121,7.5,68747,463,110,82,24,3,1,7.5,64,6,6,2,0
A Single Man,99,7.5,111204,298,297,77,32,2,1,8.3,199,25,7,1,0
A Soldier's Story,101,7.2,10030,64,35,66,9,1,0,0,0,1,0,3,0
A Star Is Born,134.6666667,6.966666667,12967,121.6666667,61.33333333,75,5.333333333,2.333333333,0,6.666666667,10,6.666666667,1.666666667,75,9
A Streetcar Named Desire,122,8,106395,312,93,97,19,1,0,8.4,55,4,1,12,4
A Tale of Two Cities,128,7.8,5687,76,20,87,9,0,0,0,1,0,0,2,0
A Very Long Engagement,133,7.6,73391,255,187,76,31,8,0,7.8,47,8,3,2,0
About Schmidt,125,7.2,127851,657,197,85,34,6,0,7.6,108,21,13,2,0
About a Boy,101,7.1,182124,442,153,75,31,5,2,7.4,82,21,2,1,0
Absence of Malice,116,6.9,13249,130,28,64,8,4,0,8,3,2,0,3,0
Across the Universe,133,7.3,109560,569,168,56,18,7,4,7.3,188,38,45,1,0
Adam's Rib,101,7.5,21038,124,46,87,10,0,0,8,5,0,0,1,0
Affliction,114,6.9,17039,203,66,79,29,5,1,8.2,21,2,1,2,1
After the Wedding,120,7.7,34318,122,134,78,28,1,0,8,49,2,4,1,0
Afterglow,119,6,3511,49,38,68,15,7,0,5,1,1,2,1,0
Against All Odds,128,5.9,12186,105,39,42,3,3,4,8.4,20,6,1,1,0
Agnes of God,98,6.6,7443,56,29,52,8,4,2,0,1,1,0,3,0
Air Force One,124,6.5,192461,475,122,61,15,6,4,6.6,79,43,17,2,0
Airport,137,6.6,18965,204,83,42,0,5,0,7.7,7,2,0,10,1
Airport '77,114,5.7,10609,97,43,36,0,5,2,0,2,1,0,2,0
Ajami,124,7.3,6221,36,99,82,22,0,0,8.1,22,1,2,1,0
Aladdin,90,8.1,399904,375,152,86,24,0,1,8.7,180,8,1,5,2
Albert Nobbs,113,6.7,24455,110,220,57,22,17,3,6.3,31,24,6,3,0
Alfie,114,7,14582,86,44,70,8,2,0,0,0,0,0,5,0
Ali,157,6.7,98591,418,157,65,25,14,0,6.8,46,25,5,2,0
Alice,106,6.6,14227,71,54,67,13,6,0,6,4,2,1,1,0
Alice Doesn't Live Here Anymore,112,7.3,23414,118,62,78,7,4,0,7.1,13,5,1,3,1
Alice in Wonderland,91.5,6.9,271815,516,278.5,60.5,13,9,2,6.85,197.5,143.5,80.5,8,4
Alien,117,8.5,849615,1600,319,89,31,1,2,8.9,968,30,16,2,1
Alien 3,114,6.4,293826,1000,258,59,9,9,2,6.1,146,123,36,1,0
Aliens,137,8.4,696856,1400,219,84,20,2,0,9,917,29,16,7,2
All Quiet on the Western Front,152,8.1,60668,265,96,91,16,0,0,8.6,26,3,0,4,2
All That Jazz,123,7.8,31152,181,99,72,8,4,1,7.8,15,4,0,9,4
All the President's Men,138,7.9,112856,277,152,84,17,1,0,8.1,41,3,0,8,4
Almost Famous,122,7.9,271343,922,169,90,37,1,0,6.1,292,26,130,4,1
Altered States,102,6.9,34858,162,99,58,5,8,0,7.2,11,2,1,2,0
Amadeus,160,8.4,392123,696,126,88,25,3,0,8.3,350,23,29,11,8
America America,174,7.7,5467,40,32,72,9,3,0,0,0,0,0,4,1
American Beauty,122,8.4,1128511,3000,212,84,30,3,1,8.9,1089,34,47,8,5
American Gangster,157,7.8,417677,548,298,76,35,3,0,7.6,345,63,27,2,0
American Graffiti,110,7.4,88117,327,117,97,15,0,0,7.6,52,12,3,5,0
American History X,119,8.5,1092675,1600,125,62,21,8,3,8.7,635,35,19,1,0
American Splendor,101,7.4,49650,233,192,90,41,1,0,7.9,63,9,3,1,0
Amistad,155,7.3,75830,253,91,63,14,8,1,7.2,59,20,3,4,0
Amour,127,7.9,98756,241,459,94,43,2,0,8.1,289,36,20,5,1
Am√©lie,122,8.3,740947,1500,151,69,23,7,1,7.5,404,27,78,5,0
An American Tail,80,6.9,52548,102,32,38,0,6,1,7.4,14,5,1,1,0
An American Werewolf in London,97,7.5,103508,461,257,55,7,6,2,7.9,81,15,4,1,1
An American in Paris,114,7.2,33265,185,102,83,14,3,1,6.8,10,1,1,8,6
An Education,100,7.3,132908,276,276,85,32,2,0,7.8,195,28,12,3,0
An Inconvenient Truth,96,7.4,82859,543,117,75,27,3,2,8,205,16,29,2,2
An Officer and a Gentleman,124,7,55485,168,52,75,6,2,0,7.6,34,8,1,6,2
Anastasia,94,7.1,120792,240,66,61,11,6,2,8,91,27,3,4,1
Anatomy of a Murder,161,8,65217,260,115,95,15,0,0,8.3,25,2,0,7,0
Anchors Aweigh,140,7,8690,84,36,60,3,5,0,0,1,1,0,5,1
Angela's Ashes,145,7.3,21750,169,71,54,15,12,5,6.9,13,7,3,1,0
Animal Kingdom,113,7.3,57148,183,261,83,32,1,0,7.8,106,19,4,1,0
Anna and the King,148,6.7,37136,226,80,56,11,21,0,6.6,11,12,1,2,0
Annie,127,6.6,44693,163,45,39,2,4,4,6.3,22,11,8,2,0
Annie Get Your Gun,107,6.9,4829,101,26,77,5,0,0,7,4,0,1,4,1
Annie Hall,93,8,262073,558,153,92,19,1,0,6.6,136,18,42,5,4
Anonymous,130,6.8,40668,155,288,50,17,19,7,6.1,38,25,11,1,0
Another Year,129,7.4,29337,160,251,80,30,4,1,7.5,52,7,6,1,0
Apocalypse Now,147,8.5,648165,1300,297,94,14,1,0,8.8,651,35,24,8,2
Apocalypto,139,7.8,306680,1200,295,68,23,12,2,7.6,433,48,71,3,0
Apollo 13,140,7.7,288396,440,161,77,17,5,0,8,193,26,4,9,2
Armageddon,151,6.7,417662,1300,164,42,8,8,7,6.4,180,107,60,4,0
Around the World in 80 Days,175,6.7,27102,162,44,69,7,3,0,0,0,0,0,8,5
Arthur,97,6.9,28225,142,48,69,7,5,0,7.3,6,3,0,4,2
As Good as It Gets,139,7.7,293802,599,135,67,19,10,1,8.6,251,26,7,7,2
Atlantic City,104,7.3,16545,79,53,85,15,0,0,7,3,2,0,5,0
Atonement,123,7.8,271354,718,308,85,33,3,0,7.8,449,71,62,7,1
August Rush,114,7.5,106784,425,134,38,4,10,13,7.5,161,35,30,1,0
Austin Powers: The Spy Who Shagged Me,95,6.6,229056,804,176,59,20,12,2,8.6,310,34,21,1,0
Australia,165,6.6,123510,499,175,53,15,19,4,6.8,148,50,34,1,0
Avalon,128,7.2,6280,58,31,68,14,7,1,0,1,0,1,4,0
Awakenings,121,7.8,137151,251,51,74,14,4,0,8.7,135,8,2,3,0
Away from Her,110,7.5,22096,130,166,88,35,1,0,8,87,8,8,2,0
Babe,91,6.9,123592,237,55,83,16,0,0,7.7,92,27,4,7,1
Babe: Pig in the City,97,5.8,33218,234,49,68,19,5,1,6.6,11,6,1,1,0
Babel,143,7.5,299775,989,259,69,30,8,0,6.7,549,105,207,7,1
Babette's Feast,103,7.8,19838,123,67,78,15,3,0,8,4,0,0,1,1
Baby Doll,114,7.3,7592,79,43,83,10,1,0,0,1,0,0,4,0
Back to the Future,116,8.6,1154512,1400,259,87,25,1,0,9,865,23,20,4,1
Backdraft,137,6.7,78708,177,75,38,2,6,4,8,94,16,14,3,0
Bagdad Cafe,95,7.4,13784,84,44,71,5,1,0,7.1,6,4,1,1,0
Ball of Fire,111,7.8,12295,110,56,78,10,2,0,0,0,0,0,4,0
Bambi,70,7.3,139928,213,123,91,15,1,0,7.8,62,10,4,3,0
Barney's Version,134,7.3,24977,92,180,67,28,4,1,6.5,31,21,7,1,0
Barry Lyndon,185,8.1,163334,513,115,89,19,2,0,8.6,76,8,4,7,4
Barton Fink,116,7.6,119588,275,147,69,14,3,2,8.3,106,12,2,3,0
Basic Instinct,127,7,195017,400,142,41,8,11,9,3.7,106,161,164,2,0
Batman,126,7.5,368619,1000,234,69,16,5,0,8.1,739,67,43,1,1
Batman Begins,140,8.3,1418364,3000,335,70,30,11,0,8.4,2440,105,152,1,0
Batman Forever,121,5.4,248925,691,172,51,10,11,2,6.9,374,211,112,3,0
Batman Returns,126,7.1,298165,763,196,68,17,5,1,8.2,397,46,16,2,0
Beaches,123,7,26057,138,29,46,6,8,4,8.8,3,1,0,1,0
Beasts of the Southern Wild,93,7.2,82968,304,639,86,38,7,0,7.5,237,52,31,4,0
Beau Geste,112,7.6,5955,64,29,69,5,2,0,0,0,0,1,2,0
Beauty and the Beast,84,8.1,439598,473,208,95,22,0,0,8.5,275,18,8,8,2
Becket,148,7.8,14593,114,52,68,8,1,1,7.4,20,4,1,12,1
Bedknobs and Broomsticks,117,7.1,36937,121,55,59,5,6,0,6.7,4,1,1,5,1
Beetlejuice,92,7.5,289611,432,127,70,13,4,1,8.6,350,24,6,1,1
Before Night Falls,133,7.2,25038,139,56,85,25,1,0,6.8,25,6,5,1,0
Before Sunset,80,8.1,255969,583,231,90,34,5,0,8.6,366,17,16,1,0
Beginners,105,7.2,91414,175,179,81,34,2,0,8.1,213,36,11,1,1
Being John Malkovich,113,7.8,329254,920,252,90,36,0,0,8.8,504,26,15,3,0
Being Julia,104,7,12434,122,92,65,28,10,0,7.5,12,5,1,1,0
Being There,130,8,71445,355,122,83,15,1,0,7.4,13,4,1,2,1
Bells Are Ringing,126,6.9,3339,43,23,61,4,3,1,0,0,0,0,1,0
Ben-Hur,212,8.1,234328,490,133,90,9,0,0,8.8,101,4,4,12,11
Best Friends,116,5.5,2875,26,13,70,8,3,0,0,1,0,0,1,0
Betty Blue,185,7.3,21120,107,79,56,6,8,1,8,3,1,0,1,0
Beverly Hills Cop,105,7.4,179308,256,134,66,9,1,1,8.4,135,15,2,1,0
Beverly Hills Cop II,100,6.5,117397,143,62,48,3,4,4,6.6,25,27,3,1,0
Bicentennial Man,132,6.9,115962,425,87,42,7,14,10,7.8,114,22,13,1,0
Big,104,7.3,214971,270,101,73,18,1,1,8.6,164,11,2,2,0
Big Fish,125,8,434705,932,245,58,24,15,3,8.6,379,39,9,1,0
Billy Elliot,110,7.7,133263,478,87,74,28,5,1,7.4,106,9,17,3,0
Bird,161,7.1,12395,48,32,78,13,1,0,7.2,10,2,2,1,1
Birdman of Alcatraz,147,7.8,17471,100,64,76,6,1,0,7.5,4,2,0,4,0
Biutiful,148,7.4,89863,163,285,58,19,11,3,7.2,87,20,13,2,0
Black Hawk Down,144,7.7,387659,1.1,213,74,24,8,1,7.9,275,27,16,4,2
Black Orpheus,100,7.4,11069,86,76,81,7,1,0,7.8,15,2,2,1,1
Black Rain,125,6.6,53934,151,81,56,7,10,1,6.8,10,6,2,2,0
Black Swan,108,8,743303,1400,688,79,35,6,1,8.1,1051,97,80,5,1
Blackboard Jungle,101,7.4,9011,109,39,67,7,3,0,7.5,3,1,0,4,0
Blade Runner,117,8.1,745600,1700,278,84,13,1,1,8.7,1168,81,38,2,0
Blaze,120,6,3877,21,18,67,12,5,0,0,1,0,0,1,0
Blood Diamond,143,8,535025,770,180,64,24,13,2,8.5,564,45,23,5,0
Bloodbrothers,116,5.8,949,12,10,49,1,4,0,0,0,0,0,1,0
Blow-Up,111,7.5,60872,312,147,82,11,4,0,8.1,15,0,2,2,0
Blue Thunder,109,6.4,20783,100,78,66,6,5,0,7.7,8,2,0,1,0
Blue Valentine,112,7.4,194351,394,392,81,35,7,0,7,297,45,62,1,0
Blue Velvet,120,7.7,194280,807,227,76,10,3,2,7.8,200,18,24,1,0
Bolt,96,6.9,205130,242,219,67,20,8,1,8.2,335,46,22,1,0
Bonnie and Clyde,111,7.8,110775,510,118,86,16,3,1,8.2,116,7,4,10,2
Boogie Nights,155,7.9,258496,656,183,85,25,3,0,4.2,292,23,347,3,0
Born on the Fourth of July,145,7.2,104567,220,55,75,10,6,0,7.8,65,11,3,8,2
Bound for Glory,147,7.2,5089,57,39,70,6,4,0,0,0,0,0,6,2
Bowling for Columbine,120,8,143575,896,204,72,24,8,0,7.1,95,6,23,1,1
Boys Don't Cry,118,7.5,96731,453,71,86,32,1,0,7.6,95,13,7,2,1
Bram Stoker's Dracula,128,7.4,211271,830,200,57,10,4,3,8.4,303,37,21,4,3
Brave,93,7.1,400294,565,503,69,29,8,0,7.2,593,173,58,1,1
Braveheart,178,8.4,1013478,1300,148,68,15,3,2,8.3,538,42,51,10,5
Brazil,132,7.9,198125,633,255,84,15,3,0,8.7,308,20,19,5,0
Breaker Morant,107,7.8,13356,110,58,72,8,2,0,8.2,5,1,0,1,0
Breakfast at Tiffany's,115,7.6,176706,506,185,76,5,1,0,7.5,101,20,7,5,2
Breaking the Waves,159,7.8,65987,243,94,76,21,5,2,8,65,10,4,1,0
Bridesmaids,125,6.8,286819,626,380,75,32,6,1,7.1,405,97,64,2,0
Bridget Jones's Diary,97,6.8,239894,626,99,66,22,9,2,8,172,24,15,1,0
Brief Encounter,86,8,39468,249,137,92,15,1,0,7.6,6,1,0,3,0
Bright Star,119,6.9,27246,120,223,81,30,4,0,7.1,70,8,16,1,0
Broadcast News,133,7.2,30559,153,69,84,15,0,1,7.7,20,7,0,7,0
Brokeback Mountain,134,7.7,348803,2400,240,87,37,4,0,8.2,1239,77,179,8,3
Brother Bear,85,6.8,107205,201,96,48,9,15,4,6.5,81,38,25,1,0
Brubaker,131,7.1,17774,62,34,54,4,7,0,7.3,4,2,0,1,0
Buena Vista Social Club,105,7.6,19145,87,59,81,17,2,0,8,12,1,0,1,0
Bugsy,136,6.8,28697,84,58,80,25,2,0,8.1,13,2,0,10,2
Bugsy Malone,93,6.8,17722,102,40,71,5,1,1,6.3,3,0,1,1,0
Bull Durham,108,7.1,53265,149,82,73,13,2,1,8.4,58,9,2,1,0
Bullitt,114,7.4,67719,408,118,81,18,2,0,7.1,19,1,4,2,1
Bulworth,108,6.8,26054,242,98,75,24,4,0,8.8,41,4,2,1,0
Butch Cassidy and the Sundance Kid,110,8,212707,465,113,66,10,0,3,8.6,156,5,5,7,4
Cabaret,124,7.8,53762,221,101,80,7,0,1,8.2,58,10,2,10,8
Cactus Flower,104,7.2,10735,75,41,67,2,3,0,8,5,0,0,1,1
Camelot,179,6.5,6672,117,42,70,2,3,0,0,1,1,0,5,3
Cape Fear,128,7.3,189001,389,139,73,7,2,0,8.7,289,26,6,2,0
Capote,114,7.4,131579,459,275,88,38,2,0,7.7,211,36,18,5,1
Captain Blood,119,7.7,14203,130,53,89,15,0,0,0,0,1,0,5,0
Captains Courageous,117,8,9617,104,36,81,7,0,0,0,0,0,0,4,1
Capturing the Friedmans,107,7.7,25492,158,68,90,38,1,0,8,37,2,3,1,0
Carmen Jones,105,6.7,5173,64,43,65,5,5,0,0,0,0,0,2,0
Carnal Knowledge,98,7,12642,96,45,77,4,4,0,0,1,1,0,1,0
Carrie,98,7.4,181618,607,188,85,12,2,0,8.1,90,12,4,4,0
Cars,117,7.2,403517,742,253,73,29,9,1,7.5,547,125,59,2,0
Casablanca,102,8.5,557471,1400,211,100,18,0,0,8.8,377,11,14,8,3
Casino,178,8.2,503733,726,125,73,13,3,1,8.8,583,23,20,1,0
Casino Royale,131,5.1,29735,303,81,48,1,9,1,3.1,2,4,12,1,0
Cast Away,143,7.8,573385,1200,110,73,27,4,1,7.7,431,41,58,2,0
Cat Ballou,97,6.8,14689,109,48,60,3,4,0,6.3,3,3,0,5,1
Cat on a Hot Tin Roof,108,8,48710,185,85,84,12,4,0,7.6,10,1,0,6,0
Central Station,110,8,39098,282,69,80,22,2,0,8.6,77,2,9,2,0
Chances Are,108,6.4,12752,69,23,62,7,12,0,6.2,2,3,0,1,0
Changeling,141,7.8,251898,494,269,63,23,12,3,7.8,185,28,13,3,0
Chaplin,143,7.5,57094,191,62,47,4,17,1,7.4,14,5,0,3,0
Charade,113,7.9,75456,349,91,83,13,3,0,8.5,23,1,0,2,1
Chariots of Fire,125,7.1,59277,259,96,78,13,5,1,7.2,10,5,0,7,4
Charlie Wilson's War,102,7,116988,336,249,67,33,3,3,6.7,108,39,16,1,0
Charlie and the Chocolate Factory,115,6.7,463368,1500,263,72,32,7,1,6.7,350,127,96,1,0
Chasing Ice,75,7.7,8629,41,73,75,14,1,0,8.2,18,3,0,1,0
Chicago,113,7.2,226936,1000,213,81,32,5,2,7.9,190,38,10,13,6
Chico & Rita,94,7.2,9125,47,117,76,21,6,0,7.3,18,2,3,1,0
Children Underground,104,8.2,2351,20,11,85,7,0,0,7.6,11,0,3,1,0
Children of Heaven,89,8.2,73173,201,59,77,10,3,1,7.6,9,0,2,1,0
Children of Men,109,7.9,490641,1400,327,84,37,1,0,8.5,1150,78,115,3,0
Children of Paradise,189,8.3,19621,110,122,96,19,1,0,8.1,11,2,1,1,0
Children of a Lesser God,119,7.2,16732,72,34,80,10,3,0,7.8,4,0,0,5,1
Chinatown,130,8.2,318393,595,161,92,22,0,0,8.8,331,19,6,11,1
Chitty Chitty Bang Bang,144,6.9,45350,216,58,64,3,3,0,4.4,1,2,2,1,0
Chocolat,121,7.3,188589,549,94,64,22,7,2,7.2,82,28,9,5,0
Cimarron,123,5.9,6118,82,41,70,4,2,0,0,1,0,0,9,3
Cinderella,74,7.3,156490,179,126,85,14,1,0,7.6,43,9,2,4,0
Cinderella Man,144,8,184823,612,206,69,31,6,3,8.8,303,9,11,3,0
Cinema Paradiso,155,8.5,253371,581,118,80,18,3,0,8.8,174,9,8,1,1
Citizen Kane,119,8.3,432850,1600,265,100,19,0,0,8.4,637,54,40,9,1
City Slickers,113,6.8,55538,107,54,70,19,6,0,7.5,8,3,0,1,1
City of God,130,8.6,738696,1.1,213,79,27,6,0,9,500,12,20,4,0
Clear and Present Danger,141,6.9,97701,173,53,74,10,4,0,7.4,50,10,8,2,0
Cleopatra,192,7,32548,253,88,60,7,5,2,7,12,7,1,14,5
Click,107,6.4,324054,844,160,45,11,14,10,6.6,216,78,65,1,0
Cliffhanger,113,6.5,127908,240,85,60,9,6,1,8.2,132,25,12,3,0
Close Encounters of the Third Kind,138,7.6,197444,492,228,90,10,0,0,7.8,185,34,7,9,2
Closer,104,7.2,214984,992,195,65,28,12,2,8.7,398,40,22,2,0
Coal Miner's Daughter,124,7.5,18342,108,50,87,6,0,0,6.8,6,0,2,7,1
Cocoon,117,6.7,62349,104,61,65,10,7,0,7.9,14,4,0,2,2
Cold Mountain,154,7.2,147109,723,171,73,34,6,1,5.8,106,24,51,7,1
Collateral,120,7.5,388836,983,229,71,33,8,0,8.7,442,35,9,2,0
Comes a Horseman,118,6.3,2798,27,19,41,0,7,0,0,0,0,0,1,0
Coming Home,127,7.4,13429,82,52,61,3,6,0,0,1,2,0,8,3
Coming to America,117,7.1,204095,249,95,47,6,6,4,7.8,115,23,10,2,0
Con Air,115,6.9,292812,447,129,52,8,11,4,8.5,297,41,21,2,0
Contact,150,7.5,269559,760,173,62,12,11,0,8,169,29,7,2,0
Cool Hand Luke,127,8.1,173972,381,131,92,16,0,0,8.6,53,3,1,4,1
Coraline,100,7.7,217918,459,330,80,35,3,0,8.4,640,59,52,1,0
Country Strong,117,6.3,18060,122,133,45,7,16,7,6.1,16,16,7,1,0
Crash,112,7.8,432572,1700,280,66,20,15,1,8.5,607,48,55,6,3
Crazy Heart,112,7.2,88898,272,278,83,31,1,0,7.5,150,39,11,3,2
Crimes and Misdemeanors,104,7.8,57475,192,99,77,9,0,1,8.4,53,5,2,3,0
Crimes of the Heart,105,6.3,4124,36,15,58,6,5,2,0,0,0,0,3,0
Crimson Tide,116,7.3,110744,244,86,66,12,8,0,7.1,52,13,7,3,0
"Crouching Tiger, Hidden Dragon",120,7.9,264932,1700,282,94,32,0,0,8.1,556,52,56,10,4
Cry Freedom,157,7.4,13418,61,24,59,7,8,0,7.8,4,0,0,3,0
Curse of the Golden Flower,114,7,43888,237,187,70,23,8,1,7.5,71,19,11,1,0
Cyrano de Bergerac,137,7.5,24058,90,32,79,17,2,0,7.9,7,1,0,6,2
Dad,117,6.3,4969,34,22,43,5,8,4,0,0,0,0,1,0
Daisy Miller,91,6.1,1398,26,22,48,2,3,2,0,0,1,0,1,0
Damage,111,6.7,17950,105,42,71,21,6,1,8,3,1,0,1,0
Dancer in the Dark,140,8,108245,744,134,61,18,11,4,8.7,191,13,8,1,0
Dangerous Liaisons,119,7.6,69060,167,57,74,13,3,1,7.6,62,6,5,7,3
Darwin's Nightmare,107,7.5,5518,50,78,84,18,0,0,7.5,36,3,10,1,0
Daughter from Danang,83,7.5,592,29,27,77,13,3,0,6.4,5,0,3,1,0
Dave,110,6.9,53051,155,55,76,27,3,0,6.8,7,5,0,1,0
David Copperfield,130,7.4,4198,53,24,91,8,0,0,0,2,0,0,3,0
Days of Glory,120,7,14568,73,96,82,23,2,0,7.3,16,3,3,1,0
Days of Heaven,94,7.8,57182,235,119,93,17,2,0,8.4,145,15,5,4,1
Days of Thunder,107,6,85762,147,82,60,10,5,1,5.5,24,28,18,1,0
Days of Wine and Roses,117,7.8,12623,133,49,74,6,1,0,7.7,5,1,0,5,1
Dead Man Walking,122,7.5,93799,233,68,80,22,2,2,7.8,57,12,4,4,1
Dead Poets Society,128,8.1,469029,732,114,79,11,3,0,8.3,245,17,10,4,1
Death Becomes Her,104,6.6,115271,241,89,56,10,14,0,8.5,40,7,0,1,1
Death on the Nile,140,7.3,33155,157,70,59,2,6,0,6.9,5,2,0,1,1
Deconstructing Harry,96,7.3,44687,141,73,61,12,4,3,7.3,28,10,2,1,0
Defiance,137,7.2,146099,277,128,58,18,16,0,5.9,102,36,48,1,0
Deliver Us from Evil,101,7.9,10358,60,42,86,23,0,0,7.9,31,5,3,1,0
Deliverance,109,7.7,106395,440,137,80,13,2,0,7.7,20,5,0,3,0
Departures,130,8,51495,176,173,68,20,7,0,8,54,3,6,1,1
Detective Story,103,7.5,8320,87,41,78,12,1,0,0,0,1,0,4,0
Diamonds Are Forever,120,6.6,104231,363,115,59,4,7,0,5.8,18,27,8,1,0
Dick Tracy,105,6.2,61045,202,100,68,16,8,0,7.1,5,2,0,7,3
Die Hard,132,8.3,854263,1000,217,72,10,4,0,5.5,521,124,316,4,0
Diner,110,7.1,20873,106,46,82,13,2,0,8.4,32,6,2,1,0
Dirty Dancing,100,7,223817,521,117,65,14,5,1,7.6,87,20,7,1,1
Dirty Pretty Things,97,7.3,42217,229,138,78,31,4,0,8.8,74,8,1,1,0
District 9,112,7.9,668318,1400,487,81,30,6,0,8.1,1249,128,136,4,0
Divided We Fall,117,7.6,5143,65,46,69,18,5,0,7.6,9,0,2,1,0
Do the Right Thing,120,7.9,99705,543,114,93,25,1,0,8.2,185,14,13,2,0
Doctor Dolittle,152,6.2,9402,67,28,34,1,3,2,0,1,1,0,9,2
Doctor Zhivago,197,8,75476,327,106,69,11,2,1,8.3,30,3,0,10,5
Dog Day Afternoon,125,8,251556,353,92,86,14,1,0,8.6,75,3,1,6,1
Dogtooth,97,7.2,93272,311,234,73,14,2,1,7.7,108,26,7,1,0
Don Juan DeMarco,97,6.7,50319,141,32,63,12,6,1,7.3,19,9,1,1,0
Donnie Brasco,127,7.7,299008,332,117,76,17,4,0,3,153,13,292,1,0
Double Indemnity,107,8.3,153735,450,156,95,16,1,0,8.5,55,3,0,7,0
Doubt,104,7.5,127938,416,288,68,26,9,1,7.9,141,20,6,5,0
Downfall,156,8.2,349135,674,116,82,32,3,0,8.6,228,12,6,1,0
Dr. Strangelove or: How I Learned to Stop Worrying and Love the Bomb,95,8.4,478435,1000,231,97,31,0,1,8.4,743,32,71,4,0
Dragonslayer,109,6.6,17769,134,67,68,9,4,0,6,2,4,1,2,0
Dreamgirls,130,6.6,73148,554,238,76,30,6,1,7.3,199,53,41,8,2
Drive,100,7.8,614834,1600,703,78,38,5,0,8.2,1378,129,119,1,0
Driving Miss Daisy,99,7.4,107942,204,70,81,15,2,0,8.2,87,14,2,9,4
Dumbo,64,7.3,129096,191,131,96,11,0,0,7.7,86,15,5,2,1
Dune,137,6.3,159095,876,208,41,5,10,5,6.3,53,39,15,1,0
Earthquake,122,5.9,16011,185,86,56,2,3,1,6.5,1,3,0,5,2
East of Eden,118,7.8,44813,223,96,72,7,3,0,7.5,9,1,1,4,1
Eastern Promises,100,7.6,239252,453,289,82,32,3,0,7.1,238,27,52,1,0
Easy Rider,95,7.3,108314,460,131,85,16,2,0,7.6,76,8,9,2,0
Ed Wood,127,7.9,173650,483,108,70,14,3,2,7.2,177,18,38,2,2
Educating Rita,110,7.2,13873,97,28,52,5,2,2,6.9,6,5,0,3,0
Edward Scissorhands,105,7.9,475304,729,114,74,14,4,1,8.8,565,32,19,1,0
El Cid,182,7.2,14185,120,42,79,17,2,0,7.8,5,1,0,3,0
El Norte,141,7.7,5089,56,26,75,9,0,1,7.8,10,0,2,1,0
Election,103,7.3,95905,490,156,83,30,3,0,8.8,241,13,7,1,0
Elizabeth,124,7.4,97870,448,114,75,25,4,1,7.4,59,7,9,7,1
Elizabeth: The Golden Age,114,6.8,70856,252,195,45,7,26,2,6.3,55,24,19,2,1
Elling,89,7.5,14923,100,73,70,15,6,0,6.6,9,5,3,1,0
Emma,120,6.6,38560,163,57,66,15,6,1,8.2,34,4,2,3,1
Empire of the Sun,153,7.7,123525,379,65,62,12,9,1,7.9,97,14,7,6,0
Enchanted,107,7.1,194257,453,222,75,28,4,0,8.2,261,35,15,3,0
Enchanted April,95,7.3,6560,72,29,78,19,5,0,0,0,1,0,3,0
Encounters at the End of the World,99,7.7,18334,82,151,80,24,1,0,7.7,31,4,4,1,0
Endless Love,116,4.9,8348,77,18,30,0,3,6,0,2,1,0,1,0
Erin Brockovich,131,7.4,192863,562,138,73,26,9,1,8.2,144,20,5,5,1
Ernest & Celestine,80,7.8,20205,64,107,86,21,1,0,7.7,74,5,7,1,0
Eternal Sunshine of the Spotless Mind,108,8.3,976635,1900,302,89,40,1,0,8.9,1037,43,34,2,1
Europa Europa,112,7.6,16152,86,35,75,11,1,0,7.5,4,0,0,1,0
Evil,113,7.8,37977,102,70,61,11,3,1,7.6,14,4,1,1,0
Evita,135,6.3,35513,215,66,45,8,12,3,7.8,89,11,17,5,1
Extremely Loud & Incredibly Close,129,6.9,101169,408,287,46,19,13,9,5.9,89,67,36,2,0
Face to Face,114,7.5,5557,23,26,68,4,3,0,0,2,0,0,2,0
Face/Off,138,7.3,368538,661,136,82,22,3,0,8.8,635,41,29,1,0
Faces,130,7.5,10565,67,65,88,15,1,0,0,1,1,0,3,0
Fame,134,6.6,22438,121,52,58,6,5,1,0,2,1,0,6,2
Fantastic Voyage,100,6.8,18657,131,71,72,7,2,0,6.2,3,3,0,5,2
Far from Heaven,107,7.4,46263,397,181,84,34,1,2,8,68,11,4,4,0
Far from the Madding Crowd,168,7.2,5714,96,37,55,2,2,0,7.3,4,0,0,1,0
Farewell My Concubine,171,8.1,27990,126,44,83,23,2,0,0,2,0,0,2,0
"Farewell, My Lovely",95,7,8206,103,47,70,4,5,0,8.6,5,0,0,1,0
Fargo,98,8.1,661538,1000,231,85,22,3,0,8.7,690,50,18,7,2
Fat City,96,7.3,8976,72,84,88,15,1,0,0,0,0,0,1,0
Fatal Attraction,119,6.9,84199,288,109,67,13,2,1,8.2,149,13,8,6,0
Father of the Bride,92,7.2,11171,69,45,76,6,3,0,0,1,2,0,3,0
Fiddler on the Roof,181,8,42936,186,68,67,9,4,0,7.9,13,1,1,8,3
Field of Dreams,107,7.5,116801,385,87,57,8,8,2,8.5,112,20,6,3,0
Fight Club,139,8.8,2024118,4.2,368,66,23,10,2,9,1880,73,76,1,0
Finding Nemo,100,8.2,1012858,1000,161,90,37,1,0,8.7,995,41,32,4,1
Finding Neverland,106,7.7,204386,678,206,67,27,11,0,7.8,135,28,4,7,1
Five Easy Pieces,98,7.4,36288,241,109,85,12,3,0,7.9,13,3,0,4,0
Flags of Our Fathers,135,7.1,122476,450,264,79,32,7,0,7,148,40,28,2,0
Flatliners,115,6.5,85633,191,63,55,6,2,2,8.8,89,10,4,1,0
Fly Away Home,107,6.9,25276,102,46,77,28,0,0,0,1,0,0,1,0
Flying Down to Rio,89,6.6,3676,72,27,72,9,2,0,0,0,0,0,1,0
"Food, Inc.",94,7.8,50969,200,116,80,27,0,1,8.2,66,7,3,1,0
Footloose,107,6.6,78021,159,61,42,4,2,6,7.5,9,7,0,2,0
Footnote,107,7.1,6004,33,110,83,24,3,0,6.3,16,2,6,1,0
For All Mankind,80,8.1,5649,36,64,79,11,0,0,0,0,0,1,1,0
For Whom the Bell Tolls,170,6.8,9244,83,26,68,6,4,0,0,0,1,0,9,1
For Your Eyes Only,127,6.7,99428,343,99,54,6,6,0,6.4,33,18,7,1,0
Forbidden Planet,98,7.5,48311,389,108,80,13,2,0,0,2,0,0,1,0
Foreign Correspondent,120,7.5,20620,165,72,88,17,0,0,0,2,1,0,6,0
Forrest Gump,142,8.8,1984076,2900,168,82,18,2,0,7.8,1204,48,225,13,6
Foul Play,116,6.8,15273,118,40,45,4,1,2,7.4,6,2,0,1,0
Four Weddings and a Funeral,117,7.1,149889,277,71,81,18,1,0,7.9,95,16,4,2,0
Frances,140,7.3,7828,70,29,48,1,5,2,0,3,0,0,2,0
Frida,123,7.4,88583,305,131,61,20,17,1,7.2,45,5,3,6,2
From Here to Eternity,118,7.6,46353,196,124,85,19,1,1,7.8,29,2,4,13,8
Frost/Nixon,122,7.7,107215,276,297,80,35,3,0,7.8,154,18,11,5,0
Frozen River,97,7.1,25606,111,158,82,28,2,0,7.9,67,8,6,2,0
Full Metal Jacket,116,8.3,721007,928,160,76,15,1,3,7.4,460,36,84,1,0
Funny Girl,151,7.4,22313,112,57,89,13,2,0,7,21,7,4,8,1
Gandhi,191,8.1,227164,321,110,79,12,4,0,8.7,33,2,0,11,8
Gangs of New York,167,7.5,432278,1200,223,72,27,12,0,7.5,300,57,18,10,0
Gattaca,106,7.8,297237,812,180,64,11,8,1,8.7,371,21,10,1,0
Ghost,127,7.1,211948,353,98,52,5,10,2,8.4,167,22,14,5,2
Ghost World,111,7.3,119606,532,145,88,31,0,0,8.1,154,13,10,1,0
Ghostbusters,105,7.8,403004,672,274,71,6,2,0,8.3,412,36,25,2,0
Giant,201,7.6,38075,195,117,84,13,2,0,6.9,5,2,1,10,1
Gigi,115,6.7,22571,149,77,82,11,2,0,6.8,5,2,1,9,9
Girl with a Pearl Earring,100,6.9,77481,320,140,72,28,9,0,7.1,35,5,5,3,0
"Girl, Interrupted",127,7.3,179853,451,63,51,14,14,4,7.5,85,25,6,1,1
Glengarry Glen Ross,100,7.7,103346,437,122,82,26,4,0,8.1,92,9,3,1,0
Gloria,123,7.1,9873,67,39,68,10,2,0,0,1,0,0,1,0
Glory,122,7.8,132847,488,69,78,19,3,0,7.8,12,1,0,5,3
Gods and Monsters,105,7.4,30723,245,68,74,28,3,1,7.6,24,8,0,3,1
Goldfinger,110,7.7,186226,543,137,87,10,2,0,8.3,102,13,1,1,1
Gone Baby Gone,114,7.6,268363,629,266,72,31,3,0,7.7,228,33,13,1,0
Gone with the Wind,238,8.2,309040,961,192,97,17,1,0,8.3,187,20,18,13,8
"Good Night, and Good Luck.",93,7.4,97333,549,350,80,35,5,1,7.2,131,35,24,6,0
Good Will Hunting,126,8.3,932978,996,158,70,23,5,0,8.7,549,29,12,9,2
"Goodbye, Mr. Chips",155,6.8,3446,52,11,61,1,6,0,0,0,0,0,9,1
Gosford Park,137,7.2,86362,686,130,90,32,1,1,7.3,124,17,20,7,1
Grand Prix,176,7.2,9273,141,48,72,5,3,0,0,3,0,0,3,3
Great Expectations,118,7.8,24086,128,66,90,15,0,0,8.3,4,0,0,5,2
Green Card,107,6.3,24244,50,36,58,10,5,2,7.1,25,7,8,1,0
"Greystoke: The Legend of Tarzan, Lord of the Apes",143,6.4,19914,90,44,62,6,5,0,0,0,2,0,3,0
Guess Who's Coming to Dinner,108,7.8,44565,437,75,63,3,2,1,7.3,15,2,1,10,2
Gunfight at the O.K. Corral,122,7.2,15529,109,49,56,5,3,0,0,0,0,0,2,0
Guys and Dolls,150,7.1,17452,156,62,77,10,3,0,0,0,1,0,4,0
Hamlet,154,7.6,16737,100,55,82,7,3,0,0,3,0,0,13,4
Hannah and Her Sisters,107,7.9,70716,195,80,90,12,0,0,8,73,6,5,7,3
Happy Feet,108,6.4,181937,612,121,77,26,4,0,6.2,190,69,81,1,1
Happy-Go-Lucky,118,7,39341,221,179,84,31,3,0,8,209,17,42,1,0
Harlem Nights,116,6,22501,87,27,16,0,3,11,8.4,50,3,7,1,0
Harry Potter and the Goblet of Fire,157,7.7,604072,2000,312,81,35,3,0,7.9,988,141,81,1,0
Harry Potter and the Half-Blood Prince,153,7.6,524675,1.1,391,78,31,5,0,7.2,912,237,144,1,0
Harry Potter and the Prisoner of Azkaban,142,7.9,610639,1600,288,82,36,4,0,8.3,930,84,42,2,0
Harry Potter and the Sorcerer's Stone,152,7.6,747634,1900,274,65,25,12,0,7.8,821,105,51,3,0
Harry and Tonto,115,7.4,5661,74,40,72,9,4,0,0,1,0,0,2,1
Harry and the Hendersons,110,6,35380,60,31,42,2,6,2,6.5,9,9,2,1,1
Heart Like a Wheel,113,6.7,1417,18,6,74,10,1,0,0,0,0,0,1,0
Heartbreak Ridge,130,6.8,43205,155,39,53,5,9,2,6.7,5,0,1,2,0
Hearts and Minds,112,8.2,5688,46,68,68,6,3,0,7.2,10,1,2,1,1
Heaven Can Wait,101,6.9,20852,121,49,72,7,3,0,7.9,8,0,0,12,1
Heaven's Gate,219,6.7,14946,253,139,57,7,3,5,6.1,4,2,2,1,0
Heavenly Creatures,99,7.3,63069,292,107,86,28,3,0,8,7,1,0,1,0
Hell and Back Again,88,6.4,2292,23,31,81,17,0,0,6.5,4,6,0,1,0
Hellboy II: The Golden Army,120,7,267386,402,362,78,35,1,0,7.8,377,72,36,1,0
"Hello, Dolly!",146,7,15118,145,34,51,3,8,0,0,1,2,0,7,3
Henry & June,136,6.3,13148,59,33,62,12,12,0,0,2,1,0,1,0
Henry V,137,7.5,29717,129,48,83,17,0,0,7.2,20,8,1,7,1
Hereafter,129,6.5,92625,365,320,56,17,21,4,6.1,77,57,28,1,0
Hero,120,7.9,179759,892,158,85,42,0,0,8.8,471,21,31,1,0
High Noon,85,8,102855,429,149,89,7,0,0,8.4,70,5,1,7,4
High Society,111,6.9,15616,168,48,65,7,4,0,6.8,3,3,0,3,0
Hilary and Jackie,121,7.3,10236,111,68,78,18,2,1,7.9,8,0,1,2,0
Hoffa,140,6.6,23076,80,39,50,4,10,4,8.1,18,3,2,2,0
Hold Back the Dawn,116,7.3,2433,34,29,79,7,0,0,0,1,0,0,6,0
Hollow Man,112,5.8,129880,687,184,24,2,10,23,4.8,149,71,159,1,0
Home Alone,103,7.7,550773,577,110,63,7,2,0,8.2,473,46,40,2,0
Hondo,83,7,10831,106,60,79,7,0,0,0,0,0,0,2,0
Hook,142,6.8,249351,463,97,52,6,12,1,7.2,86,47,4,5,0
Hoop Dreams,170,8.3,26091,91,62,98,19,0,0,8,68,3,7,1,0
Hooper,99,6.3,6862,49,37,70,8,0,1,0,1,1,0,1,0
Hoosiers,114,7.5,46622,169,59,76,11,1,1,8.4,56,9,1,2,0
Hope and Glory,113,7.3,13426,86,35,86,13,2,0,8.5,4,0,0,5,0
Hotel Rwanda,121,8.1,350068,702,156,79,37,3,0,8.8,238,10,2,3,0
House of Flying Daggers,119,7.5,111264,446,249,89,36,1,0,8.8,421,18,26,1,0
House of Sand and Fog,126,7.5,68192,504,156,71,30,10,1,8.6,146,7,13,3,0
How Green Was My Valley,118,7.7,23789,179,95,88,17,0,0,0,2,1,0,10,5
How the West Was Won,164,7,20606,191,46,56,2,4,0,7.3,5,1,0,8,3
How to Survive a Plague,110,7.6,4056,20,52,86,22,1,0,8.1,28,0,3,1,0
How to Train Your Dragon,98,8.1,716217,695,193,75,33,4,0,8.7,773,41,19,2,0
Howards End,142,7.4,32025,113,56,88,10,1,0,8.1,31,6,1,9,3
Howl's Moving Castle,119,8.2,376423,528,240,80,34,4,2,8.8,454,27,16,1,0
Hud,112,7.8,21495,161,62,62,5,3,0,7.3,4,0,0,7,3
Hugo,126,7.5,318696,817,699,83,36,5,0,7.7,664,119,59,11,5
Husbands and Wives,108,7.5,29076,89,56,84,27,3,0,0,2,0,0,2,0
Hustle & Flow,116,7.3,40331,218,145,68,30,7,0,8.8,118,4,8,2,1
I Am Love,120,7,22209,136,187,79,27,5,0,7,74,20,16,1,0
I Am Sam,132,7.6,148872,499,105,28,6,8,19,7.5,102,28,16,1,0
I'm Not There,135,6.8,58505,251,230,73,28,6,1,6.7,92,28,28,1,0
"I, Robot",115,7.1,528163,874,220,59,19,18,1,8,355,62,28,1,0
Ice Age,81,7.5,471166,534,168,61,24,9,1,8,327,49,9,1,0
Ice Castles,108,6.5,3507,56,17,51,4,5,0,0,0,1,0,1,0
Ice Station Zebra,148,6.6,10237,131,36,49,3,5,1,0,0,0,0,2,0
Il Divo,110,7.3,17645,53,131,81,17,0,0,7.2,31,7,6,1,0
Imitation of Life,118,7.65,10412.5,142,48.5,79.5,11,0.5,0,0,1,0.5,0,10,0
In & Out,90,6.4,41319,165,72,70,14,4,0,2.4,15,7,49,1,0
In America,105,7.7,42879,287,140,76,35,6,0,8.3,28,4,1,3,0
In Bruges,107,7.9,412380,671,320,67,26,8,0,8.6,476,35,9,1,0
In Cold Blood,134,7.9,26280,152,89,89,4,0,0,8,16,3,0,4,0
In Darkness,145,7.3,10613,56,133,74,31,4,1,7,14,9,1,1,0
In a Better World,118,7.6,39908,103,205,65,21,7,1,7.9,40,9,1,1,1
In the Bedroom,131,7.4,40177,524,169,86,27,4,0,7.5,61,11,8,5,0
In the Heat of the Night,110,8,74811,267,98,75,12,2,0,8,24,4,0,7,5
In the Line of Fire,128,7.2,101664,184,71,74,13,3,0,8.5,84,14,1,3,0
In the Loop,106,7.4,57392,168,190,83,30,1,0,7.9,102,13,9,1,0
In the Name of the Father,133,8.1,170761,213,62,84,14,2,0,8.2,112,8,5,7,0
In the Valley of Elah,121,7.2,72241,255,234,65,27,10,0,7.5,78,15,7,1,0
Incendies,131,8.3,170944,307,245,80,36,6,0,8.1,168,14,9,1,0
Inception,148,8.8,2257476,4500,480,74,33,6,3,8.8,4166,232,227,8,4
Independence Day,145,7,561238,1000,197,59,9,8,2,6.8,206,99,30,2,1
Indiana Jones and the Last Crusade,127,8.3,735578,650,178,65,8,5,1,8.4,450,34,15,3,1
Indiana Jones and the Temple of Doom,118,7.5,476316,755,168,57,7,6,1,7.7,339,51,17,2,1
Inglourious Basterds,153,8.3,1386707,2000,400,69,26,9,1,7.9,1434,130,188,8,1
Inherit the Wind,128,8.1,29770,214,74,75,5,3,0,6.6,9,0,3,4,0
Innerspace,120,6.8,58907,105,79,66,9,6,0,8.3,7,0,0,1,1
Inside Job,109,8.2,74620,165,161,88,24,2,1,8.4,126,10,4,1,1
Inside Moves,113,7.1,1874,42,20,63,5,3,0,0,0,0,0,1,0
Interiors,92,7.3,19557,126,62,67,3,6,0,7,6,4,0,5,0
Intermezzo,70,6.6,2584,33,17,74,4,1,0,0,0,1,0,2,0
Into the Arms of Strangers: Stories of the Kindertransport,122,7.8,1752,20,30,79,23,2,0,7.4,6,1,0,1,1
Into the Wild,148,8.1,610054,1000,246,73,30,8,0,8.1,397,44,35,2,0
Invictus,134,7.3,157609,323,303,74,27,7,0,7.1,153,46,16,2,0
Iraq in Fragments,94,7.2,1476,22,52,84,24,2,0,6.7,4,1,1,1,0
Iris,91,7,18192,152,91,76,25,5,0,7.3,16,3,1,3,1
Iron Man,126,7.9,1021420,1500,550,79,33,5,0,8.5,2250,123,77,2,0
Iron Man 2,124,7,788493,994,499,57,20,19,1,6.4,766,548,109,1,0
Ironweed,143,6.7,9120,54,32,56,8,6,2,0,0,0,1,2,0
It Happened One Night,105,8.1,101790,334,127,87,16,0,0,8.3,47,3,0,5,5
It Happened on Fifth Avenue,116,7.6,4967,86,16,66,3,1,0,0,2,0,0,1,0
It's a Wonderful Life,130,8.7,443030,1000,193,89,16,1,0,8.8,147,8,7,5,0
JFK,189,8,152897,536,91,72,22,5,2,8.3,88,8,3,8,2
Jackie Brown,154,7.5,340476,609,167,64,13,9,1,8.3,439,54,12,1,0
Jagged Edge,108,6.5,14933,97,36,60,10,2,3,0,2,0,0,1,0
James and the Giant Peach,79,6.7,65659,103,73,78,31,4,1,6.9,10,4,1,1,0
Jane Eyre,120,7.3,86768,232,278,76,30,5,0,7.4,83,21,6,1,0
Jaws,124,8.1,579812,1300,288,87,19,2,0,8.7,609,34,17,4,3
Jerry Maguire,139,7.3,258953,394,124,77,24,4,0,8.4,200,22,6,5,1
Jesus Camp,87,7.4,27802,278,121,62,18,8,2,7.1,43,8,8,1,0
Jesus Christ Superstar,106,7.3,26745,235,51,64,2,5,0,6.7,7,0,2,1,0
Jimmy Neutron: Boy Genius,82,6,33881,139,60,65,13,7,1,6.5,52,24,16,1,0
Judgment at Nuremberg,179,8.3,75936,247,105,60,3,4,0,8.4,24,2,1,11,2
Julia,117,7.1,9599,62,41,58,3,3,0,0,2,0,0,11,3
Julie & Julia,123,7,117010,346,252,66,26,8,0,7.3,148,35,17,1,0
Juliet of the Spirits,137,7.5,13491,86,50,83,8,1,0,7.2,8,4,1,2,0
Junebug,106,6.9,22811,207,135,80,29,5,0,7.9,79,18,6,1,0
Junior,109,4.7,68398,104,44,59,11,13,1,6.9,8,4,2,1,0
Juno,96,7.5,513027,976,380,81,36,2,0,8.2,1088,88,133,4,1
Kate & Leopold,118,6.4,83463,357,117,44,7,15,5,8.6,204,16,16,1,0
Katyn,121,7,16431,86,102,81,16,1,0,7.1,27,5,5,1,0
King Kong,134,5.9,32184,254,120,61,5,5,1,7,9,3,1,7,4
Kinsey,118,7.1,48940,211,187,79,35,5,0,5.5,35,12,22,1,0
Kiss of the Spider Woman,120,7.3,15778,70,47,80,10,0,0,8.2,11,3,0,4,1
Klute,114,7.1,25496,162,89,81,13,2,0,7.5,3,1,0,2,1
Kramer vs. Kramer,105,7.8,142769,258,95,77,7,1,1,8.4,84,7,2,9,5
Kundun,134,7,27864,140,74,74,21,5,0,7.6,31,9,1,4,0
Kung Fu Panda,92,7.6,453565,500,274,74,31,5,0,8.3,553,42,19,1,0
Kung Fu Panda 2,90,7.2,275301,276,279,67,26,7,1,7.8,447,80,19,1,0
L.A. Confidential,138,8.3,569237,789,147,90,27,1,0,8.7,537,22,15,9,2
La Dolce Vita,174,8,71759,212,164,95,13,0,0,8.3,64,8,3,4,1
La Vie en Rose,140,7.6,86234,271,212,66,19,10,0,7.9,94,18,7,3,2
LaLee's Kin: The Legacy of Cotton,89,7.7,229,7,3,78,4,1,0,8.6,25,0,4,1,0
Lady on a Train,94,6.8,2152,44,16,48,3,4,0,0,0,0,0,1,0
Lars and the Real Girl,106,7.3,143782,372,225,70,24,6,2,8.1,213,17,17,1,0
Lassie Come Home,89,7.2,5400,41,15,78,7,1,0,0,0,0,0,1,0
Last Tango in Paris,129,6.9,53152,216,115,77,4,2,0,6.7,25,12,7,2,0
Lawrence of Arabia,218,8.3,286938,736,159,100,8,0,0,8.7,328,28,20,10,7
Leaving Las Vegas,111,7.5,121962,375,107,82,21,2,0,8.7,216,13,9,4,1
Legend,94,6.4,64486,349,145,30,1,5,5,5.8,10,14,2,1,0
Legends of the Fall,133,7.5,161464,449,71,45,7,6,10,7,57,21,9,3,1
Let It Be,81,7.7,6193,85,16,69,5,2,0,0,3,0,0,1,1
Let's Get Lost,120,7.8,2014,21,45,85,15,0,0,0,1,0,0,1,0
Lethal Weapon,109,7.6,253165,370,131,68,16,5,2,8.2,170,26,6,1,0
Lethal Weapon 2,114,7.3,172684,217,86,70,18,3,0,8.2,128,19,7,1,0
Letters from Iwo Jima,141,7.9,160885,367,241,89,34,3,0,8.2,299,29,24,4,1
Life Is Beautiful,116,8.6,673594,1400,153,59,21,6,5,7.8,283,32,42,7,3
Life with Father,118,7.1,5426,61,22,73,4,1,0,0,0,1,0,4,0
Lifeboat,97,7.6,28687,176,68,78,10,3,0,8,9,3,0,4,0
Lilies of the Field,94,7.6,11506,112,28,61,5,3,0,6.8,2,2,0,5,1
Lilo & Stitch,85,7.3,183977,423,164,73,26,3,1,8.4,185,27,4,1,0
Little Big Man,139,7.6,34928,137,63,63,4,2,1,7.7,22,2,1,1,0
Little Children,137,7.5,110596,345,249,75,28,6,0,7.4,146,20,28,3,0
Little Fugitive,75,7.5,2775,35,45,91,4,0,0,8.8,4,0,0,1,0
Little Miss Sunshine,101,7.8,467891,1000,244,80,34,2,0,7.5,535,51,100,4,2
Little Shop of Horrors,94,7.1,73861,227,94,81,14,1,0,7.5,57,9,3,2,0
Little Voice,97,7,16472,170,43,68,19,5,1,8.5,15,2,0,1,0
Little Women,117.3333333,7.233333333,23955,113,31.66666667,80,11,0.666666667,0,4.333333333,22,5.333333333,2.666666667,42,9
Live and Let Die,121,6.7,105327,344,115,55,4,5,0,6.3,27,27,3,1,0
Logan's Run,119,6.8,55706,311,155,53,4,4,1,6.8,11,5,1,3,1
Lolita,153,7.6,99403,273,109,79,12,2,0,8.3,21,1,0,1,0
Lone Star,135,7.4,29557,201,63,78,18,3,1,7.7,24,5,3,1,0
Looking for Mr. Goodbar,136,6.7,7609,113,34,64,5,4,0,0,2,1,0,2,0
Lorenzo's Oil,129,7.3,22161,86,32,80,19,2,0,8.2,13,0,0,2,0
Lost in Translation,102,7.7,443262,2000,287,89,42,2,0,7.5,605,66,105,4,1
Love Affair,88,7.3,5365,67,44,91,8,0,0,0,1,2,0,6,0
Love Story,100,6.9,33630,207,62,84,4,1,0,7.6,24,8,1,7,1
Lover Come Back,107,7.2,7844,60,29,58,5,2,0,0,0,1,0,1,0
Malcolm X,202,7.7,92960,205,85,73,10,5,0,7.8,71,5,7,3,0
Man of a Thousand Faces,122,7.1,2665,52,37,58,4,2,0,0,0,1,0,1,0
Man on Wire,94,7.7,55383,175,198,89,31,0,0,8.2,122,13,7,1,1
Manhattan,96,7.9,138573,278,123,83,9,1,0,8.3,124,8,5,2,0
Mannequin,90,5.9,31572,134,40,21,0,2,11,7.3,7,4,1,2,0
Marathon Man,125,7.4,62522,207,90,64,5,1,1,7.4,7,5,0,1,0
March of the Penguins,80,7.6,57705,353,163,79,35,4,0,7.8,84,13,7,1,1
Margin Call,107,7.1,126711,341,300,76,32,5,1,7.2,129,28,14,1,0
Maria Full of Grace,101,7.5,34966,180,154,87,38,1,0,2.6,60,5,151,1,0
Marie Antoinette,123,6.5,109205,708,254,65,22,10,5,5.8,205,44,122,5,1
Marooned,134,5.8,5149,94,30,62,5,2,0,0,0,1,1,3,1
Married to the Mob,104,6.2,17605,64,38,71,11,4,0,8.6,36,4,2,1,0
Marvin's Room,98,6.7,27793,84,45,68,13,6,1,8.2,32,6,1,1,0
Mary Poppins,139,7.8,168622,354,111,88,13,0,0,8,67,6,5,13,5
Mary Shelley's Frankenstein,123,6.3,54701,294,98,49,6,10,1,6.8,2,2,0,1,0
"Mary, Queen of Scots",128,7.1,4347,45,17,53,2,4,0,0,0,0,0,5,0
Mask,120,7.2,28608,110,29,73,8,3,0,8.4,7,1,0,1,1
Match Point,124,7.6,215514,820,277,72,32,8,0,8.4,478,40,53,1,0
Matewan,135,7.9,8015,65,39,73,12,3,0,0,1,0,0,1,0
Maurice,140,7.7,19054,89,48,75,12,2,0,8.5,22,2,1,1,0
Maverick,127,7,109854,144,53,62,17,11,0,7.1,14,3,1,1,0
McCabe & Mrs. Miller,120,7.6,24600,155,108,93,15,2,0,7.6,4,1,0,1,0
Meet Me in St. Louis,113,7.5,23960,192,106,94,17,1,0,7.1,4,2,1,4,0
Meet the Parents,108,7,328574,543,130,73,30,3,0,8.6,427,36,21,1,0
Memento,113,8.5,1202640,2400,228,80,30,3,1,8.9,1339,47,41,2,0
Memoirs of a Geisha,145,7.3,146434,634,212,54,16,19,3,6.8,127,43,33,6,3
Men in Black,98,7.3,552034,383,164,71,15,7,0,8.7,576,57,7,4,1
Meteor,108,5,7223,110,58,27,0,2,6,0,0,0,0,1,0
Metropolitan,98,7.3,11198,68,73,77,4,1,0,0,3,0,0,1,0
Michael Clayton,119,7.2,163350,426,308,82,36,0,0,7.6,306,56,34,7,1
Michael Collins,133,7.1,31308,112,44,60,11,7,2,7.3,22,4,1,2,0
Midnight Cowboy,113,7.8,109206,424,130,79,14,2,0,8.2,40,5,1,7,3
Midnight Express,121,7.5,78577,301,74,59,5,5,1,7.7,17,7,0,6,2
Midnight Lace,103,6.8,5298,102,39,60,3,3,0,0,0,0,0,1,0
Mighty Aphrodite,95,7,40098,98,55,59,9,7,0,8.4,44,4,0,2,1
Mighty Joe Young,104,6.35,17087.5,95,43.5,56,5,6,1,4.4,6.5,1.5,0,4,2
Mildred Pierce,111,8,25418,401,96,88,16,0,0,7.7,8,2,0,6,1
Milk,128,7.6,171205,324,248,83,37,2,0,7.6,272,38,43,8,2
Million Dollar Baby,132,8.1,673111,1300,260,86,35,2,2,7.5,480,33,88,7,4
Million Dollar Mermaid,115,6.6,1578,21,20,50,0,5,0,0,0,0,0,1,0
Minority Report,145,7.7,538419,1400,260,80,34,3,0,7.1,361,44,60,1,0
Miracle on 34th Street,96,7.9,47273,208,97,88,10,0,0,7.8,13,3,0,4,3
Mirror Mirror,106,5.6,87262,239,385,46,8,20,6,5.2,50,68,36,1,0
Misery,107,7.8,202270,463,174,75,20,3,0,8.3,77,7,1,1,1
Missing,122,7.7,21244,106,69,78,8,2,0,7.6,7,2,0,4,1
Mister Roberts,123,7.7,16631,105,34,72,10,2,0,0,1,0,0,3,1
Mona Lisa,104,7.3,16489,73,70,85,18,2,0,0,1,2,0,1,0
Moneyball,133,7.6,408673,500,429,87,40,2,0,7.9,607,75,23,6,0
Monsieur Lazhar,95,7.5,20264,64,176,82,29,2,0,7.7,33,5,2,1,0
Monster,109,7.3,148840,604,189,74,35,5,0,7.3,103,19,16,1,1
Monster House,91,6.6,114141,302,175,68,27,4,1,8.2,262,39,21,1,0
Monster's Ball,111,7.1,88424,545,138,69,25,6,1,4,41,17,53,2,1
"Monsters, Inc.",92,8.1,878999,762,242,79,31,4,0,8.6,660,24,12,4,1
Moonraker,126,6.3,98853,392,122,66,9,4,0,5.9,22,27,7,1,0
Moonrise Kingdom,94,7.8,342715,501,505,84,42,0,1,8.1,720,75,44,1,0
Moonstruck,102,7.1,58039,194,85,83,16,2,0,8.4,88,9,7,6,3
Mother India,172,7.8,9182,26,27,53,1,2,1,6.7,5,0,2,1,0
Mr. & Mrs. Bridge,126,6.6,3068,31,15,73,12,4,0,8,4,1,0,1,0
Mr. Holland's Opus,143,7.3,38654,186,38,59,12,7,2,7.6,6,0,1,1,0
Mr. Smith Goes to Washington,129,8.1,113975,332,99,73,7,2,0,8.3,29,4,0,11,1
Mrs. Brown,101,7.2,14338,75,39,71,17,5,0,7.4,9,2,0,2,0
Mrs. Doubtfire,125,7.1,263279,322,59,53,8,5,3,8.1,182,27,9,1,1
Mrs. Henderson Presents,103,7,15656,187,135,71,30,6,0,7.2,28,5,6,2,0
Mulan,88,7.6,278325,383,129,71,18,6,0,8.4,303,23,11,1,0
Munich,164,7.5,224042,896,229,74,30,9,0,8,401,64,39,5,0
Murder on the Orient Express,128,7.3,61280,251,74,63,4,1,1,7.1,22,6,2,6,1
Murderball,88,7.7,10175,69,95,87,32,1,0,8.4,38,3,2,1,0
Music of the Heart,124,6.8,12611,132,57,54,13,18,2,8.6,39,0,3,2,0
Mutiny on the Bounty,155,7.45,19395,120,54.5,67.5,6.5,3,0,7.85,3.5,1,0,30,2
My Architect,116,7.4,3199,37,58,81,27,2,0,8.2,12,1,1,1,0
My Beautiful Laundrette,97,6.8,15761,79,39,75,18,2,0,6.8,6,1,1,1,0
My Best Friend's Wedding,105,6.3,139796,231,64,50,11,9,3,8.1,82,17,7,1,0
My Big Fat Greek Wedding,95,6.6,128899,789,141,62,17,11,1,7.4,70,22,6,1,0
My Brilliant Career,100,7.1,4304,53,25,77,9,4,0,0,1,0,0,1,0
My Fair Lady,170,7.8,93894,377,107,95,13,2,0,7.7,27,5,2,12,8
My Favorite Year,92,7.3,9599,92,31,62,11,2,1,0,0,0,1,1,0
My Left Foot,103,7.9,73096,116,55,97,17,0,0,8.4,76,6,1,5,2
My Life as a Dog,101,7.6,20940,71,49,82,14,1,0,7.8,4,0,0,2,0
My Man Godfrey,94,8,23449,471,92,82,15,0,0,0,1,0,0,6,0
My Week with Marilyn,99,7,86421,245,388,65,29,7,2,7.8,148,39,8,2,0
Mystic River,138,7.9,447603,1.1,217,84,37,4,1,7.1,339,39,66,6,2
Nashville,160,7.7,25928,189,109,96,24,0,0,8.6,13,0,0,5,1
Nell,112,6.5,29059,101,33,60,13,9,1,0,1,0,0,1,0
Network,121,8.1,156405,426,182,83,13,2,1,8.4,60,6,2,10,4
Nine,118,5.8,43693,259,204,49,10,17,6,4.5,88,52,106,4,0
Nixon,192,7.1,30630,177,80,66,17,2,3,7,30,8,5,4,0
No,118,7.4,24802,52,236,81,33,2,1,7.4,51,11,6,1,0
No Country for Old Men,122,8.2,936666,2000,518,92,36,2,0,7.9,1489,192,200,8,4
No End in Sight,102,8.2,8380,56,75,89,28,0,0,8.2,50,2,6,1,0
No Man's Land,98,7.9,46734,187,103,84,28,1,0,8,36,4,4,1,1
Nobody's Fool,110,7.3,20097,115,47,86,28,0,0,8.3,8,0,0,2,0
Norbit,102,4.1,73518,353,124,27,1,8,17,4.5,52,34,73,1,0
Norma Rae,114,7.3,11440,58,36,61,6,3,1,7.4,10,2,0,4,2
North Country,126,7.3,42253,233,143,68,31,8,0,7.4,69,12,9,2,0
North by Northwest,136,8.3,320442,692,183,98,16,0,0,8.2,157,14,4,3,0
Notes on a Scandal,92,7.4,77913,309,219,73,26,8,1,7.9,101,16,5,4,0
Notorious,102,7.9,99588,372,153,100,16,0,0,7.9,68,8,3,2,0
"Now, Voyager",117,7.9,16731,176,67,70,10,2,0,0,0,0,0,3,1
"O Brother, Where Art Thou?",107,7.7,305212,991,107,69,23,4,3,7.8,194,36,14,2,0
Obsession,98,6.7,10098,81,90,59,5,5,0,5.2,2,2,1,1,0
Of Mice and Men,106,7.9,5983,70,17,89,7,0,0,0,1,0,0,5,0
"Oh, God!",98,6.6,9577,79,27,56,3,6,0,8.3,4,0,0,1,0
Oklahoma!,145,7,12633,117,47,74,13,2,0,0,0,0,0,4,2
Oliver!,153,7.4,37834,197,52,74,7,4,0,6.7,5,1,1,11,5
On Golden Pond,109,7.6,30959,143,44,68,9,4,1,7.4,7,1,0,10,3
On the Beach,134,7.1,12895,187,49,55,5,5,0,0,1,0,0,2,0
On the Ropes,94,7.3,459,9,16,80,11,2,0,7.8,5,0,0,1,0
On the Town,98,7.4,17329,123,57,71,7,1,0,7.5,4,0,0,1,1
On the Waterfront,108,8.1,152134,376,165,91,15,0,0,8.7,175,15,7,12,8
Once,86,7.8,115468,383,237,88,33,0,0,8.2,305,30,40,1,1
One Day in September,94,7.8,5977,63,53,82,19,1,0,5.8,10,1,6,1,1
One True Thing,127,7,12040,120,50,63,18,6,1,7.7,11,3,1,1,0
One from the Heart,107,6.5,6189,90,60,57,2,4,0,5.3,7,2,6,1,0
"One, Two, Three",104,7.9,20957,147,84,73,5,3,0,0,3,0,0,1,0
Only Angels Have Wings,121,7.7,13858,88,102,86,9,1,0,7.3,11,2,1,2,0
Orlando,94,7.1,16271,92,43,74,9,4,0,7.9,7,0,0,2,0
Out of Sight,123,7,91319,352,153,85,26,3,1,8.4,131,18,6,2,0
Outland,109,6.6,29474,167,95,48,3,6,1,6.8,4,5,0,1,0
Paint Your Wagon,164,6.6,13531,135,23,50,1,6,0,0,0,2,1,1,0
Pan's Labyrinth,118,8.2,653975,1300,461,98,37,0,0,8.7,2435,192,150,6,3
Paper Moon,102,8.1,46595,173,62,77,6,2,0,8.6,21,1,0,4,1
Papillon,151,8,128720,231,73,58,3,7,0,8.2,25,2,0,1,0
Paradise Lost 3: Purgatory,121,8,10065,30,29,85,4,0,0,7.2,22,0,5,1,0
Paradise Now,91,7.4,23107,164,95,71,27,5,0,7.8,40,5,4,1,0
Parenthood,124,7.1,48871,152,50,82,16,1,0,8.3,51,9,1,2,0
Paris 36,120,6.5,2809,20,70,40,5,9,5,4,0,3,1,1,0
Paris Blues,98,6.7,3286,53,25,61,4,3,0,0,0,2,0,1,0
Pat and Mike,95,6.9,5636,64,21,79,7,2,0,0,0,1,0,1,0
Patch Adams,115,6.8,112034,444,53,25,1,10,10,6.6,70,20,27,1,0
Patton,172,8,100765,322,119,91,9,0,0,8.3,111,9,2,10,7
Pearl Harbor,183,6.2,327007,2000,163,44,9,20,6,5.6,110,77,73,4,1
Peggy Sue Got Married,103,6.4,36945,138,53,74,11,2,1,7.9,10,2,0,3,0
Pennies from Heaven,108,6.5,5629,71,46,64,8,5,0,0,1,1,0,4,0
Period of Adjustment,112,6.2,1417,36,12,71,6,0,0,0,0,0,0,1,0
Pete's Dragon,128,6.3,24390,104,51,46,1,3,1,6.1,3,5,1,2,0
Phantom of the Opera,92,6.4,7213,104,53,63,2,5,0,0,0,0,0,4,2
Phantom of the Paradise,91,7.3,18971,179,120,67,7,2,0,8.2,9,3,0,1,0
Philadelphia,125,7.7,237492,319,68,66,15,5,1,7.7,121,18,3,5,2
Pieces of April,80,7,21000,188,113,70,28,7,1,8.7,54,7,4,1,0
Pillow Talk,102,7.4,17151,108,51,73,8,2,0,0,0,0,0,5,1
Pina,103,7.6,15152,55,208,83,28,4,0,7.2,28,1,6,1,0
Pinocchio,88,7.5,141360,233,137,99,17,0,0,8.1,143,25,6,2,2
Pirates,121,6,8579,56,21,32,0,5,7,0,0,1,0,1,0
Pirates of the Caribbean: At World's End,169,7.1,630331,1300,327,50,12,19,5,6.4,612,220,220,2,0
Pirates of the Caribbean: Dead Man's Chest,151,7.4,693476,1900,318,53,15,18,4,7.2,691,177,119,4,1
Pirates of the Caribbean: The Curse of the Black Pearl,143,8.1,1072529,2300,180,63,25,12,3,8.8,1068,42,25,5,0
Places in the Heart,111,7.4,11915,69,33,70,9,3,0,8.1,6,1,0,7,2
Planet of the Apes,112,8,176704,491,168,79,11,2,1,8.1,84,3,7,2,0
Platoon,120,8.1,405127,659,134,92,16,0,0,8,112,14,6,8,4
Pleasantville,124,7.5,127627,754,137,71,24,8,0,8.6,232,19,9,3,0
Pocahontas,81,6.7,182553,284,93,58,14,6,3,7.2,94,47,7,2,2
Poetic Justice,109,6.1,14612,43,17,51,8,11,1,7.4,12,6,1,1,0
Pollock,122,7,28084,158,110,77,28,3,0,8.7,56,6,1,2,1
Poltergeist,114,7.3,157687,470,257,79,13,3,0,8.3,159,9,6,3,0
Poltergeist II: The Other Side,91,5.6,26926,155,88,49,3,5,2,7.2,7,4,0,1,0
Porgy and Bess,138,7.1,1724,67,10,77,3,1,0,0,0,0,0,4,1
Poseidon,98,5.7,103370,714,224,50,12,17,7,5.9,63,51,37,1,0
Postcards from the Edge,101,6.7,17326,69,49,71,14,4,0,7.4,13,4,0,2,0
Predator,107,7.8,398346,896,261,45,7,4,4,8.6,599,45,12,1,0
Pretty Baby,110,6.5,10749,89,33,66,7,3,0,5,2,0,2,1,0
Pretty Woman,119,7.1,314697,398,91,51,9,3,6,8.6,257,29,15,1,0
Pride & Prejudice,129,7.8,286005,1200,108,82,35,2,0,8.6,522,33,38,4,0
Pride and Prejudice,118,7.4,8256,147,29,84,7,2,0,0,2,0,0,1,1
Primal Fear,129,7.7,207436,368,82,47,6,9,3,8.7,165,10,4,1,0
Primary Colors,143,6.7,28872,166,104,70,24,4,2,8.3,25,4,0,2,0
Prince of the City,167,7.4,8225,69,44,81,12,3,0,0,1,2,0,1,0
Private Benjamin,109,6.2,25958,76,35,59,4,5,0,6.6,7,2,1,3,0
Prizzi's Honor,130,6.7,24378,98,48,84,13,3,0,6.3,5,2,1,8,1
Prometheus,124,7,596789,2600,552,64,24,18,1,6.5,1315,511,388,1,0
Promises,106,8.4,2628,35,28,80,15,1,0,8.2,8,0,1,1,0
Psycho,109,8.5,650479,1400,252,97,16,1,0,8.9,458,5,13,4,0
Pulp Fiction,154,8.9,1974253,3400,293,94,23,1,0,9,3001,82,131,7,1
Purple Rain,111,6.5,21213,135,81,55,7,5,2,7,22,7,4,1,1
Puss in Boots,90,6.6,155406,182,250,65,16,7,1,7.5,296,74,22,1,0
Quest for Fire,100,7.3,22066,113,67,79,6,5,0,6,3,1,1,1,1
Quills,124,7.3,53853,319,100,70,24,4,3,7.3,27,8,0,3,0
Quiz Show,133,7.5,68636,183,66,92,27,0,0,8.5,107,4,4,4,0
Rabbit Hole,91,7,49132,161,246,76,32,6,1,7.6,74,14,3,1,0
Rachel Getting Married,113,6.7,48995,311,229,82,32,3,1,5.7,129,27,79,1,0
Raging Bull,129,8.2,344744,654,151,89,25,1,1,7.1,420,32,116,8,2
Ragtime,155,7.3,9603,65,47,57,4,2,2,5.9,6,2,4,8,0
Rain Man,133,8,501473,500,96,65,12,4,2,8.5,265,26,6,8,4
Rambo: First Blood Part II,96,6.5,165434,292,135,47,3,9,3,7.5,52,19,2,1,0
Ran,162,8.2,122805,322,167,96,20,1,0,8.4,152,18,8,4,1
Random Harvest,126,8,7534,115,26,62,6,4,1,0,0,1,0,7,0
Rashomon,88,8.2,164825,383,134,98,18,0,0,8.6,52,6,0,1,0
Ratatouille,111,8.1,697479,834,319,96,37,0,0,8.6,1751,118,69,5,1
Ray,152,7.7,145759,480,132,73,29,11,0,8.8,188,15,6,6,2
Real Steel,127,7.1,320137,535,334,56,13,20,1,7.1,277,102,33,1,0
Rebecca,130,8.1,134569,382,206,86,16,0,0,8.3,32,3,0,11,2
Reds,195,7.3,22626,151,59,76,11,4,0,8.3,14,1,1,12,3
Remo Williams: The Adventure Begins,121,6.4,12165,110,57,46,2,7,3,0,1,0,0,1,0
Requiem for a Dream,102,8.3,817575,2.2,258,68,22,6,4,8.8,784,31,37,1,0
Restoration,117,6.6,9422,51,20,66,12,4,0,0,2,0,0,2,2
Restrepo,93,7.5,23605,82,114,85,32,1,0,7.5,63,22,4,1,0
Return to Oz,113,6.8,26880,244,74,42,1,6,4,7.8,36,4,3,1,0
Revanche,121,7.5,14617,54,123,84,21,1,0,8.1,32,3,1,1,0
Reversal of Fortune,111,7.2,16543,77,39,93,17,1,0,8.1,32,1,1,3,1
Revolutionary Road,119,7.3,209815,547,201,69,28,9,1,7.4,196,35,29,3,0
Rhapsody in Blue,135,7,1450,49,14,55,3,2,0,0,0,0,0,2,0
Richard III,161,7.4,4570,53,32,88,10,1,0,0,0,1,0,3,0
Ridicule,102,7.3,7567,51,31,80,19,1,0,0,0,0,1,1,0
Rio,96,6.9,222110,240,235,63,20,9,0,7.6,318,70,27,1,0
Rise of the Planet of the Apes,105,7.6,518183,745,546,68,27,12,0,7.8,862,119,26,1,0
Road to Morocco,82,7,5358,50,34,75,9,0,0,0,0,0,0,2,0
Road to Perdition,117,7.7,262703,1.1,207,72,29,7,0,8,339,33,33,6,1
Road to Utopia,90,7.1,3448,36,21,72,6,1,0,0,0,0,0,1,0
Rob Roy,139,6.9,42606,152,46,55,6,11,2,8.4,43,8,2,1,0
Roberta,106,7,3275,71,22,66,7,3,0,0,0,0,0,1,0
Robin Hood,83,7.5,124361,187,75,57,5,3,1,7.5,32,12,1,1,0
Robin Hood: Prince of Thieves,143,6.9,190330,393,88,51,10,12,3,7.1,29,10,3,1,0
RoboCop,102,7.6,251472,592,229,67,13,3,0,8.7,392,28,7,3,1
Rocky,120,8.1,557417,782,190,70,10,4,0,8.5,180,13,7,10,3
Rocky III,99,6.8,186483,264,84,57,5,4,1,7.1,54,17,7,1,0
Roman Holiday,118,8,136181,327,133,78,7,1,0,8.4,88,8,4,10,3
Romancing the Stone,106,6.9,91662,183,86,63,9,8,0,8,30,11,1,1,0
Romeo and Juliet,138,7.6,31402,229,38,69,6,6,0,0,2,1,0,8,2
Room at the Top,115,7.6,6139,61,42,84,6,0,0,0,3,0,0,6,2
Rosemary's Baby,137,8,209850,628,267,96,14,1,0,8.2,179,16,9,2,1
Runaway Train,111,7.2,29130,207,82,67,7,4,0,6.6,5,2,2,3,0
Running on Empty,116,7.6,15856,116,52,67,10,7,0,8.6,10,0,0,2,0
Sabrina,120,6.95,52191,187,75.5,64,8.5,7.5,0.5,7.6,26,6,0.5,16,2
Salaam Bombay!,113,7.9,9294,71,36,78,3,1,0,7.4,14,1,3,1,0
Salt,100,6.5,310073,626,344,65,29,11,2,6.4,278,170,53,1,0
Saludos Amigos,42,6.1,6599,37,29,60,2,2,0,6.5,4,7,0,3,0
Salvador,122,7.4,21101,109,53,69,12,5,0,7.2,4,1,0,2,0
Sands of Iwo Jima,100,7,10367,87,44,75,7,1,0,0,0,0,0,4,0
Saturday Night Fever,118,6.8,78317,291,108,77,6,0,1,8.2,95,18,5,1,0
Saving Private Ryan,169,8.6,1339893,2800,267,91,37,1,0,8.9,1145,39,39,11,5
Scent of a Woman,156,8,287568,477,60,59,7,5,2,8.5,228,22,12,6,1
Scrooge,113,7.5,10846,208,42,58,4,4,0,0,0,0,0,4,0
Scrooged,101,6.9,98580,257,130,38,3,3,8,8,86,22,5,1,0
Seabiscuit,140,7.3,72103,483,161,72,38,4,1,7.1,43,10,6,7,0
Searching for Sugar Man,86,8.2,67485,220,259,79,28,4,0,8.3,78,5,3,1,1
Seconds,106,7.6,19525,167,140,71,12,5,0,0,1,2,0,1,0
Secrets & Lies,136,8,42479,176,65,91,26,1,0,8.2,60,4,5,5,0
Sense and Sensibility,136,7.7,113144,281,59,84,21,0,0,8.3,93,6,2,7,1
Separate Tables,100,7.4,7610,90,28,68,6,1,0,0,0,0,0,7,2
Serpico,130,7.7,120242,227,113,87,7,0,0,8.5,129,14,1,2,0
Seven Brides for Seven Brothers,102,7.3,24654,180,69,75,6,1,0,8.2,8,1,0,5,1
Seven Days in May,118,7.8,15448,124,61,73,6,0,0,0,2,0,0,2,0
Sexy Beast,89,7.3,60205,379,136,79,28,1,1,7.3,58,8,11,1,0
Shadow of a Doubt,108,7.8,64368,289,94,94,15,0,0,8.5,33,3,0,1,0
Shadow of the Vampire,92,6.9,41681,340,204,71,25,5,1,8.5,63,11,2,2,0
Shaft,100,6.6,18665,105,71,66,9,1,0,7.3,6,1,0,2,1
Shakespeare in Love,123,7.1,222702,813,120,87,30,3,0,7.1,129,37,19,13,7
Shampoo,110,6.4,12666,126,63,65,7,4,0,6.8,4,2,0,4,1
Shane,118,7.6,40053,329,86,80,8,3,0,8,9,2,0,6,1
Shanghai Express,82,7.3,8666,73,56,83,15,0,0,0,1,0,0,3,1
Shanghai Triad,108,7.1,5603,40,33,77,20,5,0,0,2,0,0,1,0
Shark Tale,90,6,178946,355,131,48,9,23,4,6.6,136,76,48,1,0
Sherlock Holmes,128,7.6,618109,747,417,57,17,13,4,7.4,569,116,50,2,0
Shine,105,7.7,53823,125,64,87,25,0,0,8.2,53,6,0,7,1
Shirley Valentine,108,7.2,7985,58,21,52,7,6,2,7.2,3,2,0,2,0
Short Cuts,188,7.7,44450,149,66,79,18,3,1,7.4,44,5,9,1,0
Shrek,90,7.9,656858,1.1,173,84,31,3,0,8.8,951,37,22,2,1
Shrek 2,93,7.3,450004,616,191,75,33,7,0,8.7,639,42,18,2,0
Sicko,123,8,75266,431,255,74,36,2,1,7.5,194,12,45,1,0
Sideways,127,7.5,188808,918,183,94,41,1,0,7,360,84,93,5,1
Silkwood,131,7.1,19981,98,44,64,8,1,1,8.4,25,2,1,5,0
Silver Streak,114,6.9,19680,130,52,41,0,6,1,0,3,0,0,1,0
Silverado,133,7.2,43821,206,60,64,10,3,1,7.9,25,5,0,2,0
Singin' in the Rain,103,8.3,235908,764,164,99,17,0,0,8.7,178,14,5,2,0
Six Degrees of Separation,112,6.8,21025,111,38,72,13,5,0,6.8,7,1,2,1,0
Sleepers,147,7.6,215855,349,72,49,9,3,6,8.5,120,12,5,1,0
Sleeping Beauty,75,7.3,145634,215,98,85,11,1,0,8,37,7,0,1,0
Sleepless in Seattle,105,6.8,172513,293,84,72,11,6,0,7,62,26,2,2,0
Sleepy Hollow,105,7.3,351341,1000,244,65,26,8,1,8.8,543,47,8,3,1
Sling Blade,135,8,92810,342,85,84,25,1,0,8.4,84,9,2,2,1
Slumdog Millionaire,120,8,831572,1200,239,84,34,2,0,7.8,642,98,69,10,8
Smokey and the Bandit,96,7,49659,223,87,50,1,4,1,7.4,6,3,0,1,0
Snow Falling on Cedars,127,6.8,14099,200,95,44,8,15,8,6.1,7,2,4,1,0
Snow White and the Huntsman,127,6.1,285427,809,428,57,18,17,4,6.1,252,252,70,2,0
Snow White and the Seven Dwarfs,83,7.6,194641,307,127,95,14,1,0,8.2,114,12,3,1,0
Some Came Running,137,7.3,6484,88,45,68,7,2,0,0,0,0,0,5,0
Some Like It Hot,121,8.2,261234,482,225,98,19,0,0,8.4,147,12,4,6,1
Something's Gotta Give,128,6.7,119953,444,138,66,31,8,1,6.2,29,19,10,1,0
Somewhere in Time,103,7.2,28897,321,48,29,2,2,3,8.1,29,4,2,1,0
Son of the Bride,123,7.8,15534,66,53,68,22,6,1,7.3,10,2,2,1,0
Song of the South,94,7,13689,287,45,54,2,4,0,5.7,5,5,3,2,1
Sophie's Choice,150,7.5,47317,194,42,68,7,1,1,7.8,40,4,4,5,1
Sorcerer,121,7.7,20960,174,109,68,7,6,0,8.3,9,1,0,1,0
Sound and Fury,80,7.9,1013,19,16,85,17,0,0,7,4,1,1,1,0
Sounder,105,7.6,4138,38,25,80,4,2,0,0,2,0,0,4,0
"South Park: Bigger, Longer & Uncut",81,7.7,201845,983,121,73,27,4,0,8.6,362,19,26,1,0
Spartacus,197,7.9,132770,351,129,87,16,1,0,8.4,71,10,2,6,4
Speaking in Strings,73,6.7,217,2,8,56,4,4,2,0,2,0,0,1,0
Speed,116,7.3,354303,524,139,78,15,2,0,8.6,325,29,12,3,2
Spellbound,104,7.55,30059.5,153,96.5,79.5,23,1.5,0,7.5,7.5,1.5,0.5,14,2
Spirit: Stallion of the Cimarron,83,7.2,73964,284,98,52,15,8,6,7.7,95,18,10,1,0
Spirited Away,125,8.6,727150,1500,212,96,41,0,0,8.9,1755,44,105,1,1
Splash,111,6.3,75824,130,49,71,12,1,2,7.5,32,8,6,1,0
Splendor in the Grass,124,7.7,20740,148,57,74,6,4,0,7,4,1,0,2,1
Stagecoach,96,7.8,47964,466,115,93,15,0,0,7.8,13,2,1,7,2
Stalag 17,120,8,55200,172,98,84,13,2,0,7.8,9,1,0,3,1
Stand and Deliver,103,7.3,20074,109,21,77,11,0,0,7.1,8,0,2,1,0
Stand by Me,89,8.1,391442,768,131,75,16,4,0,8.4,94,6,3,1,0
Star Trek,127,8,596988,1700,524,82,43,3,0,7.9,1309,140,156,4,1
Star Trek IV: The Voyage Home,119,7.3,84030,276,101,71,14,2,1,8,76,13,1,4,0
Star Trek: First Contact,111,7.6,123799,348,159,71,13,5,0,8.2,119,14,6,1,0
Star Wars,121,8.6,1315756,2000,207,90,22,1,1,8.8,2288,75,62,10,6
Starman,115,7,46543,182,107,70,8,0,0,8,35,7,2,1,0
Starship Troopers,129,7.3,288025,1200,203,51,7,10,3,8.8,448,27,18,1,0
Starting Over,105,6.4,2788,34,16,64,4,2,0,0,0,0,1,2,0
Steel Magnolias,117,7.3,53445,170,38,56,5,6,2,7.7,13,5,0,1,0
Strangers on a Train,101,7.9,131890,365,126,88,14,1,0,8.7,55,5,0,1,0
Straw Dogs,113,7.4,59472,291,96,73,7,4,0,7.5,8,0,0,1,0
Street Fight,83,7.9,2056,15,32,85,11,0,0,6.9,10,0,3,1,0
Street Smart,97,6.3,3170,31,27,70,9,3,0,0,1,0,2,1,0
Strike Up the Band,120,6.8,1703,30,20,59,4,2,0,0,0,0,0,3,1
Stuart Little,84,6,132532,227,87,61,22,7,3,6.6,58,41,10,1,0
"Suddenly, Last Summer",114,7.5,15369,147,52,54,3,6,0,8,4,0,0,3,0
Sunrise at Campobello,144,6.9,1296,21,19,82,4,0,0,0,0,1,0,4,0
Super Size Me,100,7.2,107410,442,174,73,32,4,1,7.5,90,14,8,1,0
Superman,143,7.4,171390,625,207,81,16,4,0,8,313,46,20,5,1
Superman Returns,154,6.1,280702,2400,350,72,29,11,0,6.9,928,245,317,1,0
Surf's Up,85,6.7,77272,152,155,64,23,2,1,8.1,134,21,11,1,0
Suspicion,99,7.3,37693,219,94,83,4,0,0,7.9,17,4,0,3,1
Sweet Charity,149,6.9,5802,86,28,53,3,3,0,0,1,1,0,3,0
Sweet Dreams,115,7.1,4751,55,12,65,10,3,1,0,1,0,0,1,0
Sweet and Lowdown,95,7.2,34903,149,81,70,27,5,1,8,29,6,0,2,0
Swing Shift,100,5.9,4827,38,19,60,6,6,0,0,1,0,0,1,0
Swing Time,103,7.5,13438,111,67,91,16,0,0,0,1,2,0,2,1
Syriana,128,6.9,129578,649,341,76,36,4,0,7.7,284,50,54,2,1
Tarzan,88,7.3,219792,328,134,79,22,5,0,7.8,194,29,11,1,1
Taxi Driver,114,8.3,791598,1300,294,94,22,1,0,7.6,923,61,165,4,0
Taxi to the Dark Side,106,7.5,15946,60,53,82,25,0,0,7.1,30,6,7,1,1
Ted,106,6.9,599938,700,463,62,21,13,3,7,543,207,71,1,0
Tender Mercies,92,7.4,10502,90,36,76,7,2,0,0,2,0,0,5,2
Tequila Sunrise,115,6,31384,101,37,62,9,4,1,7.9,48,14,6,1,0
Terminator 2: Judgment Day,137,8.6,1063673,1400,303,75,18,3,1,9,1135,32,55,6,4
Tess,186,7.3,16519,94,68,82,12,3,0,8.5,11,1,0,6,3
That Obscure Object of Desire,103,7.9,22464,71,86,84,4,1,0,8.4,23,2,0,2,0
That Thing You Do!,108,7,67947,251,75,71,19,2,1,7.9,50,10,3,1,0
The Absent Minded Professor,92,6.7,8249,47,23,75,5,0,0,6.2,4,1,1,3,0
The Abyss,140,7.5,174369,488,106,62,7,6,1,7.6,93,15,5,4,1
The Accidental Tourist,121,6.7,16069,111,39,53,6,2,4,7.2,10,6,2,4,1
The Accused,111,7.1,35002,121,37,65,8,4,0,8.1,17,2,0,1,1
The Addams Family,99,6.9,150378,194,77,57,8,10,1,7.3,51,11,2,1,0
The Adventures of Baron Munchausen,126,7.1,53052,184,89,69,12,2,1,8.2,39,5,1,4,0
"The Adventures of Priscilla, Queen of the Desert",104,7.5,49620,165,39,70,14,6,0,7.9,26,2,1,1,1
The Adventures of Robin Hood,102,7.9,50458,302,113,97,5,0,0,7.9,55,9,3,4,3
The Adventures of Tintin,107,7.3,227863,527,454,68,28,12,0,7.8,511,93,23,1,0
The Affair of the Necklace,118,6,5322,66,48,42,4,14,4,5.1,2,3,2,1,0
The Age of Innocence,139,7.2,58701,201,75,90,32,3,0,7.9,75,8,7,5,1
The American President,114,6.8,56732,252,69,67,15,6,0,6.3,21,16,8,1,0
The Americanization of Emily,115,7.3,5089,82,27,68,8,1,0,0,1,0,0,2,0
The Amityville Horror,117,6.2,39034,324,130,28,1,3,6,6.8,10,7,1,1,0
The Andromeda Strain,131,7.2,36532,230,91,60,3,6,0,7.8,15,2,0,2,0
The Apartment,125,8.3,177425,394,235,94,20,1,0,8.7,43,1,1,10,5
The Apostle,134,7.2,14096,165,82,83,23,4,1,5.7,20,1,12,1,0
The Artist,100,7.9,239254,713,583,89,40,0,1,8.1,525,51,40,10,5
The Asphalt Jungle,112,7.8,26406,160,88,85,14,1,0,0,0,0,0,4,0
The Aviator,170,7.5,354449,880,265,77,36,5,0,8.6,462,40,13,11,5
The Awful Truth,90,7.7,19366,135,64,87,9,1,0,8,3,1,0,6,1
The Baader Meinhof Complex,150,7.3,37762,123,159,76,19,3,0,7.5,28,3,2,1,0
The Bad Seed,129,7.4,14182,236,86,51,4,6,0,0,0,0,0,4,0
The Band Wagon,112,7.5,11240,121,62,93,17,0,0,0,0,1,0,3,0
The Barbarian Invasions,99,7.5,29138,173,121,70,27,5,2,5.6,9,2,4,2,1
The Battle of Algiers,121,8.1,58783,310,144,96,22,0,0,8,63,8,7,3,0
The Bear,96,7.7,17705,78,26,60,6,6,0,0,2,0,1,1,0
The Best Little Whorehouse in Texas,114,6,12077,61,18,40,2,4,4,6.8,3,1,0,1,0
The Best Years of Our Lives,170,8.1,62749,328,112,93,17,0,0,8.5,33,4,1,8,7
The Big Chill,105,7.2,36747,224,73,61,8,3,1,7.3,24,7,1,3,0
The Big House,87,7.1,2195,33,25,74,6,0,0,0,0,0,0,4,2
The Birdcage,117,7.2,87659,232,59,72,14,4,0,7.8,46,9,1,1,0
The Birds,119,7.7,184567,615,181,90,12,3,0,8.2,79,8,2,1,0
The Bishop's Wife,109,7.6,17630,180,49,72,9,1,0,7.5,4,2,0,5,1
The Black Dahlia,121,5.6,73796,686,168,49,9,21,5,2.8,32,40,132,1,0
The Black Hole,98,5.9,25296,296,114,52,5,5,2,0,1,1,1,2,0
The Black Stallion,118,7.4,12695,113,42,84,8,1,1,8.4,16,3,0,3,1
The Blind Side,129,7.6,321752,571,269,53,16,10,3,7.4,289,67,41,2,1
The Blue Lagoon,104,5.8,68630,194,45,31,1,5,8,6.7,13,9,3,1,0
The Bostonians,122,6.2,2082,14,31,59,6,2,2,0,0,2,0,2,0
The Bourne Ultimatum,115,8,626136,944,328,85,36,2,0,7.6,712,66,121,3,3
The Boys from Brazil,125,7,27636,157,67,40,1,5,1,7,7,3,0,3,0
The Bridge on the River Kwai,161,8.2,216335,368,105,87,13,2,0,8.4,67,5,1,8,7
The Bridges of Madison County,135,7.6,79655,278,77,69,17,6,0,8.6,104,5,5,1,0
The Buddy Holly Story,114,7.2,8952,72,33,78,11,0,0,0,0,1,0,3,1
The Caine Mutiny,124,7.7,27290,199,48,63,6,2,0,7.6,3,2,0,7,0
The Cell,107,6.4,101618,731,222,40,8,12,12,8.7,304,30,25,1,0
The Chalk Garden,106,7.3,2201,26,12,61,2,2,0,0,0,0,0,1,0
The Champ,121,6.8,8520,65,20,38,0,7,1,0,0,0,1,5,2
The Children's Hour,108,7.8,16195,155,42,49,2,5,0,7.6,4,1,0,5,0
The China Syndrome,122,7.4,29731,133,68,81,15,1,0,8,16,2,0,4,0
"The Chronicles of Narnia: The Lion, the Witch and the Wardrobe",143,6.9,388983,1600,260,75,31,7,1,6,446,125,217,3,1
The Cider House Rules,126,7.4,97719,437,119,75,29,3,0,8.6,108,8,6,7,2
The Clan of the Cave Bear,98,5.4,6494,76,21,34,0,7,5,0,0,1,0,1,0
The Client,119,6.7,65282,128,54,65,13,5,0,7.3,13,6,0,1,0
The Color Purple,154,7.7,85015,263,78,78,6,1,0,8.5,91,12,1,11,0
The Color of Money,119,7,81484,163,61,77,15,2,0,7.6,24,7,0,4,1
The Commitments,118,7.6,35128,127,62,73,17,6,0,0,2,1,0,1,0
The Conformist,113,7.9,29795,122,123,100,11,0,0,7.7,69,9,9,1,0
The Constant Gardener,129,7.4,139558,624,224,82,37,2,0,7,189,49,48,4,1
The Contender,126,6.9,23966,387,134,59,21,11,3,6.9,15,9,2,2,0
The Conversation,113,7.8,109307,431,172,87,16,1,0,8.5,117,11,4,3,0
The Cooler,101,6.9,33920,227,75,69,28,8,0,6.8,17,9,2,1,0
The Cotton Club,129,6.5,17848,108,41,68,8,6,0,7.9,6,1,0,2,0
The Cove,92,8.4,49301,152,175,84,26,0,0,8.2,92,6,8,1,1
The Crying Game,112,7.2,54817,190,60,90,21,1,0,7.6,59,12,5,6,1
The Dark Knight,152,9.1,2538291,8000,434,84,33,6,0,8.9,5816,217,372,8,2
The Day of the Jackal,143,7.8,40317,237,67,80,6,2,0,7.3,8,3,1,1,0
The Day of the Locust,144,6.9,5764,86,36,61,7,7,0,0,0,0,0,2,0
The Decline of the American Empire,101,7.2,8247,38,32,60,3,1,1,0,2,1,0,1,0
The Deep,123,6.2,12289,89,42,41,0,6,0,0,1,1,0,1,0
The Deer Hunter,183,8.1,332510,1200,141,86,16,2,0,7.6,183,25,28,9,5
The Defiant Ones,96,7.6,15446,94,59,69,6,2,0,7.5,3,1,0,9,2
The Departed,151,8.5,1280180,2400,293,85,36,3,0,7,1330,119,423,5,4
The Devil Wears Prada,109,6.9,404476,788,198,62,26,14,0,7.5,251,60,20,2,0
The Diary of Anne Frank,180,7.4,12680,67,33,59,5,5,0,5.8,2,1,1,8,3
The Dirty Dozen,150,7.7,71734,206,92,73,9,2,0,7.7,11,2,1,4,1
The Discreet Charm of the Bourgeoisie,102,7.8,42252,94,95,93,12,0,0,8,57,4,8,2,1
The Diving Bell and the Butterfly,112,8,106969,205,267,92,34,2,0,8.3,202,18,13,4,0
The Electric Horseman,121,6.4,9396,45,31,64,5,3,1,0,2,1,0,1,0
The Elephant Man,124,8.2,236118,465,159,78,11,5,0,8.5,58,4,1,8,0
The End of the Affair,102,7,22720,180,51,65,21,10,1,7.8,15,4,1,2,0
The English Patient,162,7.4,187727,545,126,87,28,3,0,7.2,130,26,21,12,9
The Entertainer,96,7.1,3349,44,18,70,6,3,1,0,0,0,0,1,0
The Europeans,90,6.2,986,8,13,64,3,1,0,0,1,0,0,1,0
The Exorcist,122,8.1,389688,1300,230,81,16,5,0,8.7,435,33,17,10,2
The Fabulous Baker Boys,114,6.9,23605,93,35,85,22,3,0,8,6,1,0,4,0
The Fallen Idol,95,7.7,8642,79,66,88,11,1,0,6.8,6,2,2,2,0
The Fifth Element,126,7.7,461700,931,183,52,10,9,3,8.7,522,34,25,1,0
The Firm,154,6.8,131378,223,65,58,7,6,3,8.7,149,19,5,2,0
The Fisher King,137,7.5,84294,222,95,61,6,2,1,8.4,95,10,4,5,1
The Fly,96,7.6,175441,414,193,79,8,2,1,8.3,161,17,6,2,2
The Fog of War,107,8.1,24203,166,132,87,33,3,0,7.5,35,2,7,1,1
The French Connection,104,7.7,120170,374,174,94,17,1,0,8.4,163,23,4,8,5
The French Lieutenant's Woman,124,6.9,13569,80,42,64,5,5,0,6.4,5,3,0,5,0
The Front Page,101,6.7,2880,46,37,76,7,1,0,0,0,0,0,3,0
The Fugitive,130,7.8,287441,384,115,87,31,1,0,8.7,283,14,7,7,1
The Gatekeepers,101,7.6,5634,35,105,91,26,1,0,6.8,19,7,6,1,0
The Gay Divorcee,107,7.4,7783,73,45,80,11,1,0,0,1,1,0,5,1
The Girl with the Dragon Tattoo,158,7.8,453809,816,526,71,31,9,1,8,708,70,40,5,1
The Godfather,175,9.2,1771185,4900,273,100,16,0,0,9.2,3488,98,116,11,3
The Golden Compass,113,6.1,186199,726,243,51,10,20,3,6.1,198,87,104,2,1
The Good German,105,6,25037,187,186,49,10,19,5,7,42,10,12,1,0
The Goodbye Girl,111,7.4,13839,97,42,64,7,4,0,7.1,6,1,0,5,1
The Graduate,106,8,268502,817,190,83,15,4,0,7.4,162,15,29,7,1
The Grandfather,151,7.4,1897,21,11,57,8,6,1,0,1,1,0,1,0
The Grapes of Wrath,129,8.1,91223,379,102,96,15,1,0,8.7,58,3,1,7,2
The Great Escape,172,8.2,239902,413,119,86,15,1,0,8.4,40,7,1,1,0
The Great Gatsby,144,6.4,24877,159,46,43,2,1,2,6,11,9,5,4,4
The Great Muppet Caper,97,7.1,15266,60,34,70,9,3,0,8,8,2,0,1,0
The Great Race,160,7.2,17622,180,40,71,5,0,0,7,3,1,1,5,1
The Great Santini,115,7.2,6277,46,28,64,7,2,1,0,0,0,1,2,0
The Great White Hope,103,6.9,2540,34,20,53,3,4,0,0,0,0,0,2,0
The Green Mile,189,8.6,1250749,2000,210,61,19,15,2,8.2,564,29,56,4,0
The Grifters,110,6.9,27644,110,66,86,15,3,0,8.8,55,6,2,4,0
The Gunfighter,85,7.7,10924,96,61,94,8,0,0,7.4,8,1,0,1,0
The Guns of Navarone,158,7.5,49944,185,48,72,6,2,0,0,1,1,0,7,1
The Harvey Girls,102,7,4121,65,23,65,5,4,0,0,0,0,0,2,1
The Heartbreak Kid,106,7,4768,54,41,74,10,2,0,0,1,0,0,2,0
The Help,146,8.1,447983,637,295,62,24,15,2,7.8,415,50,29,4,1
The Horse Whisperer,169,6.7,40979,292,75,65,9,9,1,6.3,15,8,4,1,0
The Hospital,103,7.1,6423,81,38,72,4,3,0,0,2,0,0,2,1
The Hot Rock,101,6.8,6223,83,39,65,5,3,0,0,0,0,0,1,0
The Hours,110,7.5,130319,696,159,80,35,4,1,8.6,181,21,9,9,1
The House of the Seven Gables,89,7,1152,22,23,54,2,2,0,0,0,0,0,1,0
The Hunchback of Notre Dame,91,7,153369,323,87,74,23,5,0,7.9,50,3,2,3,0
The Hunt,115,8.3,317582,523,382,77,27,3,0,8.4,243,14,8,1,0
The Hunt for Red October,135,7.6,194646,338,116,58,9,6,2,7.5,103,14,14,3,1
The Hurt Locker,131,7.6,443441,1000,407,95,36,1,0,7.3,1134,167,238,9,6
The Hustler,134,8,80846,231,111,90,17,1,0,8.2,16,2,0,9,2
The Ides of March,101,7.1,221257,326,429,67,31,12,0,7.1,227,67,13,1,0
The Illusionist,95,7.55,201538,421.5,214,75,29,5,0,8.1,280,30,10.5,4,0
The Imaginarium of Doctor Parnassus,123,6.8,148412,265,283,65,22,7,1,7.1,144,63,16,2,0
The Incredibles,115,8.1,705027,1000,239,90,40,1,0,8.8,1172,63,34,4,2
The Informer,91,7.4,6407,62,40,65,5,2,1,0,0,0,0,6,4
The Insider,157,7.8,168882,565,207,84,33,1,0,8.6,154,7,3,7,0
The Invisible War,93,7.6,6891,29,68,75,18,1,0,8,21,1,1,1,0
The Iron Lady,105,6.4,108214,441,334,52,16,21,4,6.2,94,96,29,2,2
The Jazz Singer,88,6.4,9888,113,66,66,5,2,0,7,3,1,0,2,0
The Journey of Natty Gann,101,7,6067,54,13,66,7,3,0,0,1,0,0,1,0
The Jungle Book,78,7.6,177918,187,119,65,7,1,0,8.1,48,8,0,2,1
The Karate Kid Part II,113,6.1,87811,173,54,55,3,5,1,6.9,15,12,3,1,0
The Kids Are All Right,106,7.1,129684,321,241,86,35,4,0,7.2,237,52,32,4,0
The Killing Fields,141,7.8,54936,225,73,76,15,2,1,7.3,5,0,1,7,3
The King and I,133,7.4,25810,112,39,72,4,2,0,8.1,6,0,1,9,5
The King's Speech,118,8,669225,797,475,88,39,2,0,8.3,792,65,17,12,4
The Kite Runner,128,7.6,79795,258,207,61,21,13,0,7.8,73,15,3,1,0
The Lady Eve,94,7.8,21140,152,107,96,17,0,0,7.5,6,0,0,1,0
The Ladykillers,91,7.6,28964,163,80,91,7,0,0,7.7,10,0,0,1,0
The Last Days,87,7.9,4205,37,40,85,23,2,0,0,2,0,0,1,1
The Last Detail,104,7.5,24368,134,65,89,11,0,0,7.6,15,3,0,3,0
The Last Emperor,163,7.7,101318,196,85,76,14,1,0,8.1,63,7,2,9,9
The Last King of Scotland,123,7.7,184086,388,237,74,33,3,0,8,150,25,4,1,1
The Last Samurai,154,7.8,427673,1000,172,55,19,20,4,8,314,41,26,4,0
The Last Station,112,7,18523,88,180,76,30,4,0,7.6,40,4,4,2,0
The Last Temptation of Christ,164,7.5,56361,345,125,80,17,1,0,7.6,70,13,8,1,0
The Last Tycoon,123,6.3,8732,68,27,57,3,8,0,0,0,0,0,1,0
The Last of the Mohicans,112,7.7,165089,501,88,76,17,1,0,8.1,111,13,6,2,1
The Lion King,88,8.5,1018781,1.1,227,88,28,2,0,8.8,798,28,36,5,2
The Little Mermaid,83,7.6,254646,316,112,88,21,3,0,7.7,92,11,5,3,2
The Lives of Others,137,8.4,381981,556,219,89,38,1,0,8.8,352,13,10,1,1
The Living Desert,69,7.4,1501,21,8,69,4,0,0,0,0,0,0,1,1
The Longest Day,178,7.7,55059,252,59,75,4,3,0,7.7,10,1,0,5,2
The Longest Yard,121,7.1,18601,75,61,61,4,3,0,6.5,4,4,0,1,0
The Lord of the Rings: The Fellowship of the Ring,178,8.9,1790895,5600,212,92,33,1,0,9.1,2194,59,81,13,4
The Lord of the Rings: The Two Towers,179,8.8,1598345,2600,313,87,38,1,0,9,1772,43,63,6,2
The Lost World: Jurassic Park,129,6.5,404525,732,186,59,7,11,0,7.1,327,145,23,1,0
The Lovely Bones,135,6.6,167402,758,311,42,7,19,10,6.2,146,95,44,1,0
The Lover,115,6.9,21003,105,32,59,12,13,0,0,0,1,0,1,0
The Madness of King George,110,7.2,16570,68,41,89,19,0,0,7.5,6,2,0,4,1
The Magnificent Ambersons,88,7.6,24531,141,88,93,16,1,0,8.6,8,1,0,4,0
The Magnificent Seven,128,7.7,93519,314,131,74,9,4,0,7.6,25,3,2,3,0
The Maltese Falcon,100,8,156298,449,143,97,16,0,0,8.1,58,5,1,3,0
The Man Who Knew Too Much,120,7.4,63555,286,90,76,9,1,0,8.4,28,1,0,1,1
The Man Who Shot Liberty Valance,123,8.1,74630,286,102,94,9,1,0,8.6,39,3,0,1,0
The Man Who Wasn't There,116,7.5,108530,473,172,73,27,4,2,7.8,70,17,1,1,0
The Man Who Would Be King,129,7.8,48279,211,45,91,14,1,0,6.9,10,3,2,4,0
The Man with the Golden Arm,119,7.3,11059,91,66,63,5,5,0,7,2,2,0,3,0
The Manchurian Candidate,126,7.9,74768,363,126,94,19,1,0,8.1,99,9,6,2,0
The Mask,101,6.9,374679,335,79,56,6,5,1,7.6,235,51,27,1,0
The Mask of Zorro,136,6.8,180832,370,123,63,13,9,0,8.7,204,37,4,2,0
The Matrix,136,8.7,1850816,4800,250,73,29,5,1,8.9,1763,65,52,4,4
The Messenger,113,7.1,35136,103,204,77,27,4,1,7.6,51,5,3,2,0
The Miracle Worker,106,8.1,18652,111,48,83,7,0,0,7.1,7,0,2,5,2
The Miracle of Morgan's Creek,98,7.6,7428,82,53,86,15,0,0,0,0,0,0,1,0
The Mission,125,7.4,60516,234,68,55,8,9,1,8.6,8,1,0,7,1
The Molly Maguires,124,6.8,3890,46,19,62,4,4,0,0,0,0,0,1,0
The Most Dangerous Man in America: Daniel Ellsberg and the Pentagon Papers,92,7.7,2341,22,23,75,17,1,0,7.6,12,0,1,1,0
The Motorcycle Diaries,126,7.8,100427,312,190,75,31,6,0,7.6,54,8,4,2,1
The Mummy,124,7.1,417950,1.1,130,48,11,16,7,8.7,618,54,16,1,0
The Muppet Movie,95,7.6,35584,132,77,74,6,1,0,8.3,36,0,1,2,0
The Muppets,103,7.1,91535,270,400,75,34,3,0,7.8,315,54,20,1,1
The Muppets Take Manhattan,94,6.8,21054,66,43,64,5,4,0,8,10,3,0,1,0
The Naked Prey,96,7.3,5327,85,55,64,9,2,1,0,2,0,0,1,0
The Natural,138,7.4,48224,234,67,61,10,9,0,7.7,12,3,2,4,0
The New World,135,6.7,85825,744,169,69,27,11,0,6.8,138,38,45,1,0
The Nun's Story,149,7.5,10470,104,32,78,5,1,0,0,0,2,0,8,0
The Nutty Professor,95,5.7,115820,138,51,62,13,7,0,6.9,40,34,4,1,1
The Odd Couple,105,7.7,34439,149,72,86,10,0,0,8.2,9,1,0,2,0
The Old Man and the Sea,86,6.9,7744,59,14,49,2,5,1,0,0,0,0,4,2
The Omen,111,7.5,116149,402,148,62,5,5,0,7.9,46,5,0,2,1
The Outlaw Josey Wales,135,7.8,72180,253,58,69,7,2,0,8.2,19,2,1,1,0
The Paper,112,6.6,14065,82,38,70,25,5,0,0,0,0,0,1,0
The Paper Chase,113,7.2,7888,95,22,65,3,4,0,0,2,0,0,3,1
The Parent Trap,129,7.2,21179,108,39,73,3,1,0,8.2,5,0,0,2,0
The Patriot,165,7.2,269439,1200,172,63,23,11,1,6.7,113,35,23,8,1
The Pawnbroker,116,7.7,9412,93,63,69,7,3,1,0,1,0,0,1,0
The People vs. Larry Flynt,130,7.3,93754,154,73,79,21,1,2,8.4,110,11,1,2,0
The Perfect Storm,130,6.4,165265,814,176,59,20,15,1,6.1,33,38,13,2,0
The Phantom of the Opera,143,7.2,121349,2.1,146,40,10,14,15,8.4,319,35,40,3,0
The Philadelphia Story,112,7.9,68153,259,85,96,13,0,0,8,21,4,0,6,2
The Pianist,150,8.6,801208,1000,141,85,37,3,0,7.9,428,25,52,7,3
The Piano,121,7.5,86767,293,80,89,19,0,1,8,102,15,8,8,3
The Pink Panther,115,7.1,51695,198,85,55,1,3,0,6.4,10,4,2,1,0
The Pink Panther Strikes Again,103,7.2,29599,124,37,60,4,3,0,7,5,3,0,1,0
The Pirates! Band of Misfits,88,6.7,47686,120,236,73,27,4,0,7,98,35,9,1,0
The Player,124,7.5,59280,205,86,86,17,2,1,8.1,55,2,4,3,0
The Polar Express,100,6.6,200837,621,166,61,23,9,4,6.9,167,59,31,3,0
The Poseidon Adventure,117,7.1,44457,302,73,70,8,2,0,7.7,11,3,0,9,2
The Prestige,130,8.5,1288042,1600,365,66,26,9,1,8.6,1291,69,61,2,0
The Prince of Egypt,99,7.1,128642,462,101,64,18,7,1,8.6,157,11,5,2,1
The Prince of Tides,132,6.8,17972,124,39,65,12,8,1,7.9,5,2,0,7,0
The Princess Bride,98,8,419646,944,220,77,16,4,0,8.3,222,35,7,1,0
The Princess and the Frog,97,7.1,138817,283,231,73,23,6,0,7.4,179,51,14,3,0
The Producers,88,7.5,55270,287,108,96,6,0,0,8.4,53,5,2,2,1
The Professionals,117,7.3,15993,106,55,75,7,2,0,7.2,5,1,0,3,0
The Promise,97,6.5,752,33,5,42,0,3,1,0,0,0,0,1,0
The Purple Rose of Cairo,82,7.7,51010,166,89,75,5,1,1,8.4,62,4,2,1,0
The Pursuit of Happyness,117,8,493233,889,190,64,22,14,0,7.2,287,50,55,1,0
The Queen,103,7.3,109305,473,273,91,37,0,0,6.7,262,45,79,6,1
The Quiet American,101,7,28219,212,74,84,37,1,1,8.7,50,1,3,1,0
The Quiet Man,129,7.7,38121,292,105,85,16,1,0,0,1,2,0,7,2
The Reader,124,7.6,240833,484,291,58,19,17,2,7.3,135,43,15,5,1
The Red Violin,130,7.6,32893,280,57,57,11,10,1,8,21,1,2,1,1
The Reivers,107,6.7,3010,36,20,66,6,2,1,0,0,0,0,2,0
The Remains of the Day,134,7.8,72593,227,61,86,11,1,0,8.4,59,3,1,8,0
The Rescuers,78,6.9,62899,111,67,74,5,3,0,6.4,16,10,3,1,0
The Right Stuff,193,7.8,60574,206,71,91,15,1,0,8.1,18,2,1,8,4
The River,124,6.3,6946,18,21,46,1,10,0,0,1,0,0,5,1
The Rock,136,7.4,331433,528,130,58,14,8,2,8.6,365,34,22,1,0
The Rose,125,7,8567,64,33,67,7,0,2,0,2,0,0,4,0
The Royal Tenenbaums,110,7.6,286543,1000,223,76,28,6,0,7.9,282,33,18,1,0
The Savages,113,7.1,37164,133,198,85,37,0,0,7.5,78,19,7,2,0
The Sea Inside,126,8,81046,152,158,74,33,5,0,8.1,48,3,4,2,1
The Secret in Their Eyes,129,8.2,205655,339,282,80,32,1,3,8.5,190,18,5,1,1
The Secret of Kells,75,7.6,34920,105,129,81,19,1,0,7.9,78,10,5,1,0
The Sessions,95,7.2,42512,151,337,79,36,3,0,7.6,78,18,1,1,0
The Shootist,100,7.6,24138,184,60,77,8,2,0,7.4,4,1,0,1,0
The Silence of the Lambs,118,8.6,1378848,1500,245,85,18,2,0,8.8,761,22,15,7,5
The Snows of Kilimanjaro,114,6.1,5222,69,11,62,4,3,0,0,0,0,0,2,0
The Social Network,120,7.8,679956,1000,432,95,41,1,0,8.2,1900,183,102,8,3
The Sound of Music,172,8.1,224790,544,136,63,6,3,2,8.5,55,3,3,10,5
The Spy Who Loved Me,125,7.1,106539,366,110,55,4,8,0,7,40,16,4,3,0
The Sting,129,8.3,256605,340,132,83,12,5,0,8.2,56,5,2,10,7
The Story of the Weeping Camel,93,7.4,6235,68,87,81,28,2,0,8.4,15,1,2,1,0
The Straight Story,112,8,89020,474,158,86,31,1,0,8.3,101,9,4,1,0
The Stranger,95,7.3,26235,233,93,76,8,1,0,7.6,13,0,1,1,0
The Stunt Man,131,7,9595,87,79,77,14,2,0,6.8,3,2,0,3,0
The Sundowners,133,7.1,4230,44,29,82,8,1,0,0,0,1,0,5,0
The Sweet Hereafter,112,7.5,34843,226,95,91,23,0,0,8.1,50,6,4,2,0
The Sword in the Stone,79,7.2,96113,115,67,61,3,4,0,7.4,32,11,1,1,0
The Talented Mr. Ripley,139,7.4,204019,788,178,76,31,2,2,8.6,333,20,20,5,0
The Taste of Others,112,7.2,9725,52,52,78,22,2,0,6.9,4,5,0,1,0
The Tempest,110,5.3,7840,52,86,43,6,16,6,6.4,7,10,3,1,0
The Thin Man,91,7.9,29128,167,82,86,16,0,0,7.7,6,0,1,4,0
The Thin Red Line,170,7.6,184809,1500,172,78,29,3,0,8.1,208,23,19,7,0
The Third Man,93,8.1,168939,506,210,97,29,1,0,8.5,84,4,2,3,1
The Thomas Crown Affair,102,6.9,24700,161,78,66,5,2,0,7.3,8,3,0,2,1
The Three Caballeros,71,6.4,13833,58,43,85,5,0,1,6.8,8,6,2,2,0
The Time Machine,103,7.5,40565,256,82,67,5,4,0,6.9,9,0,1,2,1
The Tin Drum,142,7.5,23849,91,93,63,7,4,0,7.4,5,0,0,1,1
The Towering Inferno,165,7,43020,260,92,69,9,2,0,8.2,15,1,0,8,3
The Town,125,7.5,380773,563,387,74,38,4,0,7.4,455,68,40,1,0
The Treasure of the Sierra Madre,126,8.2,122635,306,103,98,9,1,0,8.5,99,9,2,4,3
The Tree of Life,139,6.8,175103,1.1,606,85,45,4,1,7,474,96,129,3,0
The Trip to Bountiful,108,7.5,4692,73,18,81,7,3,0,0,0,0,0,2,1
The Triplets of Belleville,80,7.8,54020,320,172,91,34,1,0,7.7,109,12,16,2,0
The Truman Show,103,8.2,1029444,1300,250,90,30,0,0,6.7,775,32,269,3,0
The Turning Point,119,6.8,4625,36,17,68,7,3,0,0,1,1,0,11,0
The Twilight Samurai,129,8.1,23651,115,95,82,23,2,0,8.4,25,3,1,1,0
The Unbearable Lightness of Being,171,7.3,35816,143,59,73,10,7,0,7.3,5,2,1,2,0
The Usual Suspects,106,8.5,1056953,1400,147,77,18,3,1,8.8,599,34,17,2,2
The V.I.P.s,119,6.3,3812,70,27,51,3,2,1,0,2,1,0,1,1
The Verdict,129,7.7,39586,202,91,77,13,3,1,8.1,13,1,0,5,0
The Village,108,6.6,256978,2.1,279,44,11,19,10,6.7,222,72,66,2,0
The Visitor,104,7.6,42975,171,234,79,26,3,0,8,73,8,5,1,0
The War Room,96,7.4,4188,25,39,78,25,5,0,0,2,1,0,1,0
The War of the Worlds,85,7,35093,282,84,78,8,0,0,7.1,11,7,0,3,1
The Way Back,133,7.3,115326,227,210,66,24,9,0,7.2,81,21,6,1,0
The Way We Were,118,7,24742,132,54,61,6,5,0,7.1,5,2,0,6,2
The Weather Underground,92,7.5,3631,45,28,77,20,3,0,7.3,6,1,0,1,0
The Westerner,100,7.3,5858,68,22,78,5,1,0,0,0,0,0,3,1
The White Ribbon,144,7.8,72690,224,286,82,29,3,1,7.9,112,15,8,2,0
The Wild Bunch,135,7.9,83389,356,131,97,19,1,0,7.7,25,5,1,2,0
The Wind and the Lion,119,6.8,9199,118,40,67,7,2,0,0,1,0,0,2,0
The Wings of the Dove,102,7.1,12273,76,42,73,15,2,1,8.6,19,1,1,4,0
The Witches of Eastwick,118,6.5,68549,159,65,67,6,4,1,8,47,8,2,2,0
The Wiz,134,5.5,15025,174,39,53,5,4,2,7.8,4,1,1,4,0
The Wizard of Oz,102,8.1,388104,786,159,92,28,2,0,8.5,412,30,22,6,2
The Wolfman,103,5.8,106024,505,371,43,8,19,9,5.5,71,76,40,1,1
The Woman in Red,87,5.9,15403,62,28,55,4,5,1,6.8,2,2,0,1,1
The World According to Garp,136,7.2,26581,99,30,63,7,7,0,6.7,4,3,0,2,0
The Yearling,128,7.2,5833,87,24,89,6,0,0,0,1,0,0,7,2
The Young Victoria,105,7.2,61236,111,187,64,21,7,1,7.9,60,12,1,3,1
Thelma & Louise,130,7.5,150105,371,131,88,12,0,0,8.2,157,19,7,6,1
There Will Be Blood,158,8.2,566829,1400,352,93,39,3,0,8.1,1352,133,177,8,2
"They Shoot Horses, Don't They?",129,7.8,18958,119,66,72,6,2,0,7.3,5,2,0,9,1
They Were Expendable,135,7.2,8328,101,34,86,9,0,0,0,0,0,0,2,0
Thirteen,100,6.8,85808,568,119,70,27,10,0,8.3,171,10,23,1,0
Three Days of the Condor,117,7.4,54338,222,117,63,6,5,0,7.4,14,7,0,1,0
Three Men and a Cradle,106,6.5,3590,10,10,44,5,6,3,0,0,1,0,1,0
Through a Glass Darkly,90,8,24948,78,63,84,10,0,0,0,0,0,0,2,1
Throw Momma from the Train,88,6.3,36526,101,40,56,5,7,2,6.5,6,5,2,1,0
Thunderball,130,6.9,115602,382,118,64,5,4,0,6.7,44,23,3,1,1
Thunderbolt and Lightfoot,115,7,24945,130,96,62,6,4,0,7,6,4,0,1,0
Tinker Tailor Soldier Spy,127,7,199057,674,487,85,40,2,0,6.6,307,96,76,3,0
Titanic,194,7.9,1128378,3100,331,75,26,6,3,8.5,1235,79,99,16,12
Titus,162,7.1,20553,299,64,57,16,7,6,6.6,11,7,2,1,0
To Be or Not to Be,103,7.5,23400,100,58,73.5,10,2.5,1.5,3.85,9.5,0.5,1,4,0
To Catch a Thief,106,7.4,71563,281,150,82,18,1,0,6.8,5,3,0,3,1
To Each His Own,122,7.7,2749,39,11,67,5,2,0,0,0,0,0,2,1
To Kill a Mockingbird,129,8.3,310768,599,159,88,14,2,0,8.5,77,5,2,8,3
Tom Jones,129,6.4,12915,83,44,77,13,2,0,7,4,0,1,10,4
Tommy,111,6.6,20623,214,67,66,7,2,1,8,7,2,0,2,0
Tootsie,116,7.4,104704,262,98,88,19,2,0,8,93,13,3,10,1
Top Gun,110,6.9,324539,579,208,50,6,7,2,7.2,60,25,5,4,1
Top Hat,101,7.7,18945,140,60,92,14,1,0,7,3,1,0,4,0
Topsy-Turvy,160,7.3,12547,217,76,90,30,1,0,8,23,3,1,4,2
Tora! Tora! Tora!,144,7.5,33933,207,88,46,3,4,1,7.6,7,0,1,5,1
Tortilla Flat,105,6.2,1821,30,9,70,3,1,0,0,0,0,0,1,0
Total Recall,113,7.5,322845,533,251,57,11,4,2,8.8,392,28,10,3,1
Toy Story,81,8.3,958778,732,157,95,26,0,0,8.8,1342,44,44,3,0
Toy Story 2,92,7.9,563792,667,203,88,32,2,0,8.7,830,44,15,1,0
Toy Story 3,103,8.3,810066,953,465,92,39,0,0,8.9,1827,80,59,5,2
Toys,118,5.1,31847,177,30,40,3,13,9,5.1,2,6,3,2,0
Trading Places,116,7.5,148852,240,101,69,8,1,1,8.3,93,12,3,1,0
Traffic,147,7.6,205189,912,178,86,31,3,0,8.8,293,23,6,5,4
Training Day,122,7.7,422550,765,125,69,26,8,1,8.8,404,23,4,2,1
Trainspotting,93,8.2,671538,672,154,83,26,2,0,8.7,554,29,15,1,0
Transamerica,103,7.4,41221,237,173,66,27,10,0,7.8,60,10,4,2,0
Transformers,144,7.1,625218,1900,389,61,26,7,2,6.9,969,277,224,3,0
Transformers: Dark of the Moon,154,6.2,401597,980,432,42,6,23,8,5.8,549,370,288,3,0
Transformers: Revenge of the Fallen,149,6,401877,1500,374,35,5,11,16,5.4,733,359,606,1,0
Treasure Planet,95,7.2,114121,301,121,60,20,7,3,8.1,181,17,15,1,0
Tristana,99,7.4,11691,31,62,93,7,0,0,8.1,21,2,2,1,0
Tropic Thunder,107,7.1,404049,698,323,71,30,9,0,7.4,460,94,73,1,0
Trouble the Water,93,7.3,2016,22,44,83,24,2,0,7.9,13,2,1,1,0
Troy,163,7.3,521155,1800,205,56,18,21,4,8.6,561,85,24,1,0
True Grit,119,7.5,189701,529,297,81.5,27,1.5,0.5,3.85,317,42.5,16.5,24,2
True Lies,141,7.3,252909,447,100,63,10,6,1,8.5,260,31,14,1,0
Tsotsi,94,7.2,28472,185,156,70,28,7,0,7.7,31,6,2,1,1
Tumbleweeds,102,6.7,3443,73,59,75,30,4,0,7.3,6,1,0,1,0
Tupac: Resurrection,112,7.9,9487,40,27,66,23,10,0,8.4,29,0,3,1,0
Twice in a Lifetime,111,6.4,1197,22,13,58,7,4,3,0,0,0,0,1,0
Twist of Faith,87,7.2,930,16,16,70,8,1,0,0,2,0,0,1,0
Twister,113,6.4,192049,496,133,68,12,4,1,7.2,81,48,11,2,0
Two for the Road,111,7.4,13309,114,59,78,8,5,0,0,1,0,0,1,0
Two-Minute Warning,115,6.1,3904,62,40,46,2,3,3,0,0,0,0,1,0
U-571,116,6.6,81850,660,147,62,22,11,2,6.8,34,10,6,2,1
Ulee's Gold,113,7,7156,66,54,77,19,4,0,7.4,11,4,0,1,0
Umberto D.,89,8.2,25398,113,81,92,8,1,0,8,24,4,1,1,0
Undefeated,113,7.7,7042,38,106,71,25,3,1,7.4,23,3,4,1,1
Under Fire,128,7,7710,44,42,72,12,1,0,0,0,0,0,1,0
Under Siege,103,6.5,85170,228,100,58,6,10,1,7.2,17,10,0,2,0
Under the Volcano,112,6.9,5492,38,50,70,9,3,2,0,0,0,0,2,0
Unfaithful,124,6.7,87864,584,89,63,23,8,3,7.7,55,12,5,1,0
Unforgiven,130,8.2,402515,669,136,85,29,3,1,8.4,241,22,9,9,4
United 93,111,7.6,105357,885,144,90,39,1,0,7.6,320,43,60,2,0
Unstoppable,98,6.8,194800,423,318,69,24,9,1,7,217,87,16,1,0
Unstrung Heroes,93,6.7,3138,32,32,70,15,8,1,6.1,7,1,4,1,0
Up,96,8.3,1009261,1000,408,88,34,3,0,8.7,1317,82,33,6,3
Valley of the Dolls,123,6,8535,175,69,49,3,5,2,0,3,0,0,1,0
Valmont,137,7,13433,71,21,55,6,5,3,7.7,17,4,2,1,0
Vanilla Sky,136,6.9,261005,1300,151,45,12,12,9,8.3,434,41,58,1,0
Vatel,103,6.6,7806,46,34,44,4,6,3,6.7,10,3,3,1,0
Velvet Goldmine,118,6.9,35413,330,89,65,15,8,2,8,43,7,4,1,0
Venus,95,7.1,12974,118,121,82,32,0,0,7.1,30,6,6,1,0
Vera Drake,125,7.7,25295,177,149,83,36,4,0,7.5,37,4,6,3,0
Vertigo,128,8.3,393027,993,199,100,31,1,0,8.7,284,22,5,2,0
Vicky Cristina Barcelona,96,7.1,252599,424,276,70,30,4,2,7,190,42,32,1,1
Victor/Victoria,134,7.6,21226,133,40,84,10,2,0,7.5,7,3,0,7,1
Volver,121,7.6,100357,253,135,84,36,1,1,8.4,217,18,17,1,0
W.E.,119,6.2,12850,91,118,37,3,20,9,6.9,70,11,24,1,0
Wag the Dog,97,7.1,83168,247,117,73,16,6,0,7.4,42,12,2,2,0
Walk the Line,136,7.8,246738,926,268,72,30,9,0,8.3,315,38,20,5,1
Wall Street,126,7.3,152939,251,116,56,8,6,2,8.5,117,14,3,1,1
Waltz with Bashir,90,8,57445,169,237,91,32,1,0,7.9,131,12,15,1,0
Wanted,110,6.7,381705,836,307,64,28,8,2,4.8,295,120,278,2,0
War Horse,146,7.2,155270,569,400,72,29,11,0,6.8,263,75,54,6,0
War Photographer,96,7.9,4130,11,38,79,10,2,0,6.3,4,0,2,1,0
War Witch,90,7,7290,29,99,84,15,1,0,7.5,17,3,2,1,0
War of the Worlds,116,6.5,438057,2900,396,73,33,6,1,7.5,878,167,187,3,0
WarGames,114,7.1,98240,219,92,77,14,1,0,8,24,3,0,3,0
Waste Land,99,7.9,9105,24,93,78,19,1,0,8.5,19,1,1,1,0
Water,117,7.7,14815,155,84,77,22,3,0,7,20,9,4,1,0
Waterworld,177,6.2,192890,437,131,56,8,8,1,4.1,67,42,90,1,0
West Side Story,153,7.6,111973,484,155,86,14,3,0,7.6,49,11,5,11,10
Whale Rider,101,7.5,42187,374,138,80,28,3,0,5.6,71,14,46,1,0
What Dreams May Come,113,7,107604,704,80,44,4,15,6,6.8,48,27,9,2,1
What Ever Happened to Baby Jane?,134,8,54723,273,115,75,11,4,0,8,13,0,1,5,1
What's Eating Gilbert Grape,118,7.8,231177,394,92,73,13,7,0,8,46,5,1,1,0
What's Love Got to Do with It,118,7.3,20752,77,22,76,23,3,0,0,2,0,0,2,0
When Harry Met Sally...,95,7.7,212257,370,133,76,13,4,0,8.6,150,13,1,1,0
When We Were Kings,88,8,17823,71,73,83,20,1,0,8.5,18,0,2,1,1
White Christmas,120,7.6,42329,243,82,56,7,10,0,7.7,10,1,1,1,0
White Nights,136,6.6,7376,48,19,46,4,3,3,7.8,3,2,0,2,1
Who Framed Roger Rabbit,104,7.7,195988,322,148,83,10,4,1,8.6,282,15,11,6,3
Wild Strawberries,91,8.2,105215,211,103,88,16,1,0,7.9,12,0,2,1,0
Wild at Heart,125,7.2,91456,255,101,52,7,6,5,6.8,69,17,15,1,0
Willow,126,7.2,110365,285,114,47,2,9,1,7.7,28,3,1,2,0
Winged Migration,89,7.9,11883,154,96,82,32,2,0,8.2,19,1,1,1,0
Winter's Bone,100,7.1,141839,385,237,90,36,2,0,7.3,390,70,53,4,0
Witness,112,7.4,93171,235,105,76,10,4,0,8.3,75,11,1,8,2
Women on the Verge of a Nervous Breakdown,88,7.5,40535,85,63,85,12,0,0,8.2,36,3,1,1,0
Wonder Boys,107,7.3,63935,363,143,73,28,8,0,8,37,5,2,3,1
Woodstock,184,8.1,17106,74,67,95,9,0,0,0,1,0,0,3,1
Working Girl,113,6.8,56270,163,53,73,14,2,1,8.3,49,9,1,6,1
Written on the Wind,99,7.4,11478,101,69,86,14,1,0,0,1,1,0,3,1
Wyatt Earp,191,6.7,50115,190,52,47,4,12,4,6.7,12,11,1,1,0
Yentl,133,6.6,13946,100,32,68,6,5,0,7,2,2,0,5,1
Yojimbo,110,8.2,120378,225,136,93,15,1,0,7.9,7,0,1,1,0
You Can Count on Me,111,7.5,29743,248,71,85,28,3,0,8.4,94,5,9,2,0
Young Frankenstein,106,8,155058,398,127,80,8,1,1,8.3,48,4,0,2,0
Young Guns II,104,6.5,35542,93,24,47,3,13,2,8.3,5,1,0,1,0
Young Mr. Lincoln,100,7.5,8171,173,67,91,6,1,0,8,5,1,0,1,0
Young Sherlock Holmes,109,6.8,20950,111,81,65,9,6,0,7.4,7,2,0,1,0
Z,127,8.2,28010,117,85,86,18,1,0,7,6,2,2,5,2
Zelary,150,7.6,3541,36,25,66,16,4,0,7.5,7,4,0,1,0
Zus & Zo,106,6.1,1633,20,17,50,3,4,2,7.2,4,1,1,1,0
